region,year,wgs84,rd
arbeidsmarktregio,2014,https://cartomap.github.io/nl/wgs84/arbeidsmarktregio_2014.geojson,https://cartomap.github.io/nl/rd/arbeidsmarktregio_2014.geojson
arbeidsmarktregio,2015,https://cartomap.github.io/nl/wgs84/arbeidsmarktregio_2015.geojson,https://cartomap.github.io/nl/rd/arbeidsmarktregio_2015.geojson
arbeidsmarktregio,2016,https://cartomap.github.io/nl/wgs84/arbeidsmarktregio_2016.geojson,https://cartomap.github.io/nl/rd/arbeidsmarktregio_2016.geojson
arbeidsmarktregio,2017,https://cartomap.github.io/nl/wgs84/arbeidsmarktregio_2017.geojson,https://cartomap.github.io/nl/rd/arbeidsmarktregio_2017.geojson
arbeidsmarktregio,2018,https://cartomap.github.io/nl/wgs84/arbeidsmarktregio_2018.geojson,https://cartomap.github.io/nl/rd/arbeidsmarktregio_2018.geojson
arbeidsmarktregio,2019,https://cartomap.github.io/nl/wgs84/arbeidsmarktregio_2019.geojson,https://cartomap.github.io/nl/rd/arbeidsmarktregio_2019.geojson
arbeidsmarktregio,2020,https://cartomap.github.io/nl/wgs84/arbeidsmarktregio_2020.geojson,https://cartomap.github.io/nl/rd/arbeidsmarktregio_2020.geojson
arbeidsmarktregio,2021,https://cartomap.github.io/nl/wgs84/arbeidsmarktregio_2021.geojson,https://cartomap.github.io/nl/rd/arbeidsmarktregio_2021.geojson
arbeidsmarktregio,2022,https://cartomap.github.io/nl/wgs84/arbeidsmarktregio_2022.geojson,https://cartomap.github.io/nl/rd/arbeidsmarktregio_2022.geojson
arbeidsmarktregio,2023,https://cartomap.github.io/nl/wgs84/arbeidsmarktregio_2023.geojson,https://cartomap.github.io/nl/rd/arbeidsmarktregio_2023.geojson
arrondissementsgebied,1995,https://cartomap.github.io/nl/wgs84/arrondissementsgebied_1995.geojson,https://cartomap.github.io/nl/rd/arrondissementsgebied_1995.geojson
arrondissementsgebied,1996,https://cartomap.github.io/nl/wgs84/arrondissementsgebied_1996.geojson,https://cartomap.github.io/nl/rd/arrondissementsgebied_1996.geojson
arrondissementsgebied,1997,https://cartomap.github.io/nl/wgs84/arrondissementsgebied_1997.geojson,https://cartomap.github.io/nl/rd/arrondissementsgebied_1997.geojson
arrondissementsgebied,1998,https://cartomap.github.io/nl/wgs84/arrondissementsgebied_1998.geojson,https://cartomap.github.io/nl/rd/arrondissementsgebied_1998.geojson
arrondissementsgebied,1999,https://cartomap.github.io/nl/wgs84/arrondissementsgebied_1999.geojson,https://cartomap.github.io/nl/rd/arrondissementsgebied_1999.geojson
arrondissementsgebied,2000,https://cartomap.github.io/nl/wgs84/arrondissementsgebied_2000.geojson,https://cartomap.github.io/nl/rd/arrondissementsgebied_2000.geojson
arrondissementsgebied,2001,https://cartomap.github.io/nl/wgs84/arrondissementsgebied_2001.geojson,https://cartomap.github.io/nl/rd/arrondissementsgebied_2001.geojson
arrondissementsgebied,2002,https://cartomap.github.io/nl/wgs84/arrondissementsgebied_2002.geojson,https://cartomap.github.io/nl/rd/arrondissementsgebied_2002.geojson
arrondissementsgebied,2003,https://cartomap.github.io/nl/wgs84/arrondissementsgebied_2003.geojson,https://cartomap.github.io/nl/rd/arrondissementsgebied_2003.geojson
arrondissementsgebied,2004,https://cartomap.github.io/nl/wgs84/arrondissementsgebied_2004.geojson,https://cartomap.github.io/nl/rd/arrondissementsgebied_2004.geojson
arrondissementsgebied,2005,https://cartomap.github.io/nl/wgs84/arrondissementsgebied_2005.geojson,https://cartomap.github.io/nl/rd/arrondissementsgebied_2005.geojson
arrondissementsgebied,2006,https://cartomap.github.io/nl/wgs84/arrondissementsgebied_2006.geojson,https://cartomap.github.io/nl/rd/arrondissementsgebied_2006.geojson
arrondissementsgebied,2007,https://cartomap.github.io/nl/wgs84/arrondissementsgebied_2007.geojson,https://cartomap.github.io/nl/rd/arrondissementsgebied_2007.geojson
arrondissementsgebied,2008,https://cartomap.github.io/nl/wgs84/arrondissementsgebied_2008.geojson,https://cartomap.github.io/nl/rd/arrondissementsgebied_2008.geojson
arrondissementsgebied,2009,https://cartomap.github.io/nl/wgs84/arrondissementsgebied_2009.geojson,https://cartomap.github.io/nl/rd/arrondissementsgebied_2009.geojson
arrondissementsgebied,2010,https://cartomap.github.io/nl/wgs84/arrondissementsgebied_2010.geojson,https://cartomap.github.io/nl/rd/arrondissementsgebied_2010.geojson
arrondissementsgebied,2011,https://cartomap.github.io/nl/wgs84/arrondissementsgebied_2011.geojson,https://cartomap.github.io/nl/rd/arrondissementsgebied_2011.geojson
arrondissementsgebied,2012,https://cartomap.github.io/nl/wgs84/arrondissementsgebied_2012.geojson,https://cartomap.github.io/nl/rd/arrondissementsgebied_2012.geojson
arrondissementsgebied,2013,https://cartomap.github.io/nl/wgs84/arrondissementsgebied_2013.geojson,https://cartomap.github.io/nl/rd/arrondissementsgebied_2013.geojson
arrondissementsgebied,2014,https://cartomap.github.io/nl/wgs84/arrondissementsgebied_2014.geojson,https://cartomap.github.io/nl/rd/arrondissementsgebied_2014.geojson
arrondissementsgebied,2015,https://cartomap.github.io/nl/wgs84/arrondissementsgebied_2015.geojson,https://cartomap.github.io/nl/rd/arrondissementsgebied_2015.geojson
arrondissementsgebied,2016,https://cartomap.github.io/nl/wgs84/arrondissementsgebied_2016.geojson,https://cartomap.github.io/nl/rd/arrondissementsgebied_2016.geojson
arrondissementsgebied,2017,https://cartomap.github.io/nl/wgs84/arrondissementsgebied_2017.geojson,https://cartomap.github.io/nl/rd/arrondissementsgebied_2017.geojson
arrondissementsgebied,2018,https://cartomap.github.io/nl/wgs84/arrondissementsgebied_2018.geojson,https://cartomap.github.io/nl/rd/arrondissementsgebied_2018.geojson
arrondissementsgebied,2019,https://cartomap.github.io/nl/wgs84/arrondissementsgebied_2019.geojson,https://cartomap.github.io/nl/rd/arrondissementsgebied_2019.geojson
arrondissementsgebied,2020,https://cartomap.github.io/nl/wgs84/arrondissementsgebied_2020.geojson,https://cartomap.github.io/nl/rd/arrondissementsgebied_2020.geojson
arrondissementsgebied,2021,https://cartomap.github.io/nl/wgs84/arrondissementsgebied_2021.geojson,https://cartomap.github.io/nl/rd/arrondissementsgebied_2021.geojson
arrondissementsgebied,2022,https://cartomap.github.io/nl/wgs84/arrondissementsgebied_2022.geojson,https://cartomap.github.io/nl/rd/arrondissementsgebied_2022.geojson
arrondissementsgebied,2023,https://cartomap.github.io/nl/wgs84/arrondissementsgebied_2023.geojson,https://cartomap.github.io/nl/rd/arrondissementsgebied_2023.geojson
brandweerregio,1995,https://cartomap.github.io/nl/wgs84/brandweerregio_1995.geojson,https://cartomap.github.io/nl/rd/brandweerregio_1995.geojson
brandweerregio,1996,https://cartomap.github.io/nl/wgs84/brandweerregio_1996.geojson,https://cartomap.github.io/nl/rd/brandweerregio_1996.geojson
brandweerregio,1997,https://cartomap.github.io/nl/wgs84/brandweerregio_1997.geojson,https://cartomap.github.io/nl/rd/brandweerregio_1997.geojson
brandweerregio,1998,https://cartomap.github.io/nl/wgs84/brandweerregio_1998.geojson,https://cartomap.github.io/nl/rd/brandweerregio_1998.geojson
brandweerregio,1999,https://cartomap.github.io/nl/wgs84/brandweerregio_1999.geojson,https://cartomap.github.io/nl/rd/brandweerregio_1999.geojson
brandweerregio,2000,https://cartomap.github.io/nl/wgs84/brandweerregio_2000.geojson,https://cartomap.github.io/nl/rd/brandweerregio_2000.geojson
brandweerregio,2001,https://cartomap.github.io/nl/wgs84/brandweerregio_2001.geojson,https://cartomap.github.io/nl/rd/brandweerregio_2001.geojson
brandweerregio,2002,https://cartomap.github.io/nl/wgs84/brandweerregio_2002.geojson,https://cartomap.github.io/nl/rd/brandweerregio_2002.geojson
brandweerregio,2003,https://cartomap.github.io/nl/wgs84/brandweerregio_2003.geojson,https://cartomap.github.io/nl/rd/brandweerregio_2003.geojson
brandweerregio,2004,https://cartomap.github.io/nl/wgs84/brandweerregio_2004.geojson,https://cartomap.github.io/nl/rd/brandweerregio_2004.geojson
brandweerregio,2005,https://cartomap.github.io/nl/wgs84/brandweerregio_2005.geojson,https://cartomap.github.io/nl/rd/brandweerregio_2005.geojson
brandweerregio,2006,https://cartomap.github.io/nl/wgs84/brandweerregio_2006.geojson,https://cartomap.github.io/nl/rd/brandweerregio_2006.geojson
brandweerregio,2007,https://cartomap.github.io/nl/wgs84/brandweerregio_2007.geojson,https://cartomap.github.io/nl/rd/brandweerregio_2007.geojson
brandweerregio,2008,https://cartomap.github.io/nl/wgs84/brandweerregio_2008.geojson,https://cartomap.github.io/nl/rd/brandweerregio_2008.geojson
brandweerregio,2009,https://cartomap.github.io/nl/wgs84/brandweerregio_2009.geojson,https://cartomap.github.io/nl/rd/brandweerregio_2009.geojson
brandweerregio,2010,https://cartomap.github.io/nl/wgs84/brandweerregio_2010.geojson,https://cartomap.github.io/nl/rd/brandweerregio_2010.geojson
buurt,1995,https://cartomap.github.io/nl/wgs84/buurt_1995.geojson,https://cartomap.github.io/nl/rd/buurt_1995.geojson
buurt,1996,https://cartomap.github.io/nl/wgs84/buurt_1996.geojson,https://cartomap.github.io/nl/rd/buurt_1996.geojson
buurt,1997,https://cartomap.github.io/nl/wgs84/buurt_1997.geojson,https://cartomap.github.io/nl/rd/buurt_1997.geojson
buurt,1998,https://cartomap.github.io/nl/wgs84/buurt_1998.geojson,https://cartomap.github.io/nl/rd/buurt_1998.geojson
buurt,1999,https://cartomap.github.io/nl/wgs84/buurt_1999.geojson,https://cartomap.github.io/nl/rd/buurt_1999.geojson
buurt,2000,https://cartomap.github.io/nl/wgs84/buurt_2000.geojson,https://cartomap.github.io/nl/rd/buurt_2000.geojson
buurt,2001,https://cartomap.github.io/nl/wgs84/buurt_2001.geojson,https://cartomap.github.io/nl/rd/buurt_2001.geojson
buurt,2002,https://cartomap.github.io/nl/wgs84/buurt_2002.geojson,https://cartomap.github.io/nl/rd/buurt_2002.geojson
buurt,2003,https://cartomap.github.io/nl/wgs84/buurt_2003.geojson,https://cartomap.github.io/nl/rd/buurt_2003.geojson
buurt,2004,https://cartomap.github.io/nl/wgs84/buurt_2004.geojson,https://cartomap.github.io/nl/rd/buurt_2004.geojson
buurt,2005,https://cartomap.github.io/nl/wgs84/buurt_2005.geojson,https://cartomap.github.io/nl/rd/buurt_2005.geojson
buurt,2006,https://cartomap.github.io/nl/wgs84/buurt_2006.geojson,https://cartomap.github.io/nl/rd/buurt_2006.geojson
buurt,2007,https://cartomap.github.io/nl/wgs84/buurt_2007.geojson,https://cartomap.github.io/nl/rd/buurt_2007.geojson
buurt,2008,https://cartomap.github.io/nl/wgs84/buurt_2008.geojson,https://cartomap.github.io/nl/rd/buurt_2008.geojson
buurt,2009,https://cartomap.github.io/nl/wgs84/buurt_2009.geojson,https://cartomap.github.io/nl/rd/buurt_2009.geojson
buurt,2010,https://cartomap.github.io/nl/wgs84/buurt_2010.geojson,https://cartomap.github.io/nl/rd/buurt_2010.geojson
buurt,2011,https://cartomap.github.io/nl/wgs84/buurt_2011.geojson,https://cartomap.github.io/nl/rd/buurt_2011.geojson
buurt,2012,https://cartomap.github.io/nl/wgs84/buurt_2012.geojson,https://cartomap.github.io/nl/rd/buurt_2012.geojson
buurt,2013,https://cartomap.github.io/nl/wgs84/buurt_2013.geojson,https://cartomap.github.io/nl/rd/buurt_2013.geojson
buurt,2014,https://cartomap.github.io/nl/wgs84/buurt_2014.geojson,https://cartomap.github.io/nl/rd/buurt_2014.geojson
buurt,2015,https://cartomap.github.io/nl/wgs84/buurt_2015.geojson,https://cartomap.github.io/nl/rd/buurt_2015.geojson
buurt,2016,https://cartomap.github.io/nl/wgs84/buurt_2016.geojson,https://cartomap.github.io/nl/rd/buurt_2016.geojson
buurt,2017,https://cartomap.github.io/nl/wgs84/buurt_2017.geojson,https://cartomap.github.io/nl/rd/buurt_2017.geojson
buurt,2018,https://cartomap.github.io/nl/wgs84/buurt_2018.geojson,https://cartomap.github.io/nl/rd/buurt_2018.geojson
buurt,2019,https://cartomap.github.io/nl/wgs84/buurt_2019.geojson,https://cartomap.github.io/nl/rd/buurt_2019.geojson
buurt,2020,https://cartomap.github.io/nl/wgs84/buurt_2020.geojson,https://cartomap.github.io/nl/rd/buurt_2020.geojson
buurt,2021,https://cartomap.github.io/nl/wgs84/buurt_2021.geojson,https://cartomap.github.io/nl/rd/buurt_2021.geojson
buurt,2022,https://cartomap.github.io/nl/wgs84/buurt_2022.geojson,https://cartomap.github.io/nl/rd/buurt_2022.geojson
buurt,2023,https://cartomap.github.io/nl/wgs84/buurt_2023.geojson,https://cartomap.github.io/nl/rd/buurt_2023.geojson
coropgebied,1995,https://cartomap.github.io/nl/wgs84/coropgebied_1995.geojson,https://cartomap.github.io/nl/rd/coropgebied_1995.geojson
coropgebied,1996,https://cartomap.github.io/nl/wgs84/coropgebied_1996.geojson,https://cartomap.github.io/nl/rd/coropgebied_1996.geojson
coropgebied,1997,https://cartomap.github.io/nl/wgs84/coropgebied_1997.geojson,https://cartomap.github.io/nl/rd/coropgebied_1997.geojson
coropgebied,1998,https://cartomap.github.io/nl/wgs84/coropgebied_1998.geojson,https://cartomap.github.io/nl/rd/coropgebied_1998.geojson
coropgebied,1999,https://cartomap.github.io/nl/wgs84/coropgebied_1999.geojson,https://cartomap.github.io/nl/rd/coropgebied_1999.geojson
coropgebied,2000,https://cartomap.github.io/nl/wgs84/coropgebied_2000.geojson,https://cartomap.github.io/nl/rd/coropgebied_2000.geojson
coropgebied,2001,https://cartomap.github.io/nl/wgs84/coropgebied_2001.geojson,https://cartomap.github.io/nl/rd/coropgebied_2001.geojson
coropgebied,2002,https://cartomap.github.io/nl/wgs84/coropgebied_2002.geojson,https://cartomap.github.io/nl/rd/coropgebied_2002.geojson
coropgebied,2003,https://cartomap.github.io/nl/wgs84/coropgebied_2003.geojson,https://cartomap.github.io/nl/rd/coropgebied_2003.geojson
coropgebied,2004,https://cartomap.github.io/nl/wgs84/coropgebied_2004.geojson,https://cartomap.github.io/nl/rd/coropgebied_2004.geojson
coropgebied,2005,https://cartomap.github.io/nl/wgs84/coropgebied_2005.geojson,https://cartomap.github.io/nl/rd/coropgebied_2005.geojson
coropgebied,2006,https://cartomap.github.io/nl/wgs84/coropgebied_2006.geojson,https://cartomap.github.io/nl/rd/coropgebied_2006.geojson
coropgebied,2007,https://cartomap.github.io/nl/wgs84/coropgebied_2007.geojson,https://cartomap.github.io/nl/rd/coropgebied_2007.geojson
coropgebied,2008,https://cartomap.github.io/nl/wgs84/coropgebied_2008.geojson,https://cartomap.github.io/nl/rd/coropgebied_2008.geojson
coropgebied,2009,https://cartomap.github.io/nl/wgs84/coropgebied_2009.geojson,https://cartomap.github.io/nl/rd/coropgebied_2009.geojson
coropgebied,2010,https://cartomap.github.io/nl/wgs84/coropgebied_2010.geojson,https://cartomap.github.io/nl/rd/coropgebied_2010.geojson
coropgebied,2011,https://cartomap.github.io/nl/wgs84/coropgebied_2011.geojson,https://cartomap.github.io/nl/rd/coropgebied_2011.geojson
coropgebied,2012,https://cartomap.github.io/nl/wgs84/coropgebied_2012.geojson,https://cartomap.github.io/nl/rd/coropgebied_2012.geojson
coropgebied,2013,https://cartomap.github.io/nl/wgs84/coropgebied_2013.geojson,https://cartomap.github.io/nl/rd/coropgebied_2013.geojson
coropgebied,2014,https://cartomap.github.io/nl/wgs84/coropgebied_2014.geojson,https://cartomap.github.io/nl/rd/coropgebied_2014.geojson
coropgebied,2015,https://cartomap.github.io/nl/wgs84/coropgebied_2015.geojson,https://cartomap.github.io/nl/rd/coropgebied_2015.geojson
coropgebied,2016,https://cartomap.github.io/nl/wgs84/coropgebied_2016.geojson,https://cartomap.github.io/nl/rd/coropgebied_2016.geojson
coropgebied,2017,https://cartomap.github.io/nl/wgs84/coropgebied_2017.geojson,https://cartomap.github.io/nl/rd/coropgebied_2017.geojson
coropgebied,2018,https://cartomap.github.io/nl/wgs84/coropgebied_2018.geojson,https://cartomap.github.io/nl/rd/coropgebied_2018.geojson
coropgebied,2019,https://cartomap.github.io/nl/wgs84/coropgebied_2019.geojson,https://cartomap.github.io/nl/rd/coropgebied_2019.geojson
coropgebied,2020,https://cartomap.github.io/nl/wgs84/coropgebied_2020.geojson,https://cartomap.github.io/nl/rd/coropgebied_2020.geojson
coropgebied,2021,https://cartomap.github.io/nl/wgs84/coropgebied_2021.geojson,https://cartomap.github.io/nl/rd/coropgebied_2021.geojson
coropgebied,2022,https://cartomap.github.io/nl/wgs84/coropgebied_2022.geojson,https://cartomap.github.io/nl/rd/coropgebied_2022.geojson
coropgebied,2023,https://cartomap.github.io/nl/wgs84/coropgebied_2023.geojson,https://cartomap.github.io/nl/rd/coropgebied_2023.geojson
coropplusgebied,2005,https://cartomap.github.io/nl/wgs84/coropplusgebied_2005.geojson,https://cartomap.github.io/nl/rd/coropplusgebied_2005.geojson
coropplusgebied,2006,https://cartomap.github.io/nl/wgs84/coropplusgebied_2006.geojson,https://cartomap.github.io/nl/rd/coropplusgebied_2006.geojson
coropplusgebied,2007,https://cartomap.github.io/nl/wgs84/coropplusgebied_2007.geojson,https://cartomap.github.io/nl/rd/coropplusgebied_2007.geojson
coropplusgebied,2008,https://cartomap.github.io/nl/wgs84/coropplusgebied_2008.geojson,https://cartomap.github.io/nl/rd/coropplusgebied_2008.geojson
coropplusgebied,2009,https://cartomap.github.io/nl/wgs84/coropplusgebied_2009.geojson,https://cartomap.github.io/nl/rd/coropplusgebied_2009.geojson
coropplusgebied,2010,https://cartomap.github.io/nl/wgs84/coropplusgebied_2010.geojson,https://cartomap.github.io/nl/rd/coropplusgebied_2010.geojson
coropplusgebied,2011,https://cartomap.github.io/nl/wgs84/coropplusgebied_2011.geojson,https://cartomap.github.io/nl/rd/coropplusgebied_2011.geojson
coropplusgebied,2012,https://cartomap.github.io/nl/wgs84/coropplusgebied_2012.geojson,https://cartomap.github.io/nl/rd/coropplusgebied_2012.geojson
coropplusgebied,2013,https://cartomap.github.io/nl/wgs84/coropplusgebied_2013.geojson,https://cartomap.github.io/nl/rd/coropplusgebied_2013.geojson
coropplusgebied,2014,https://cartomap.github.io/nl/wgs84/coropplusgebied_2014.geojson,https://cartomap.github.io/nl/rd/coropplusgebied_2014.geojson
coropplusgebied,2015,https://cartomap.github.io/nl/wgs84/coropplusgebied_2015.geojson,https://cartomap.github.io/nl/rd/coropplusgebied_2015.geojson
coropplusgebied,2016,https://cartomap.github.io/nl/wgs84/coropplusgebied_2016.geojson,https://cartomap.github.io/nl/rd/coropplusgebied_2016.geojson
coropplusgebied,2017,https://cartomap.github.io/nl/wgs84/coropplusgebied_2017.geojson,https://cartomap.github.io/nl/rd/coropplusgebied_2017.geojson
coropplusgebied,2018,https://cartomap.github.io/nl/wgs84/coropplusgebied_2018.geojson,https://cartomap.github.io/nl/rd/coropplusgebied_2018.geojson
coropplusgebied,2019,https://cartomap.github.io/nl/wgs84/coropplusgebied_2019.geojson,https://cartomap.github.io/nl/rd/coropplusgebied_2019.geojson
coropplusgebied,2020,https://cartomap.github.io/nl/wgs84/coropplusgebied_2020.geojson,https://cartomap.github.io/nl/rd/coropplusgebied_2020.geojson
coropplusgebied,2021,https://cartomap.github.io/nl/wgs84/coropplusgebied_2021.geojson,https://cartomap.github.io/nl/rd/coropplusgebied_2021.geojson
coropplusgebied,2022,https://cartomap.github.io/nl/wgs84/coropplusgebied_2022.geojson,https://cartomap.github.io/nl/rd/coropplusgebied_2022.geojson
coropplusgebied,2023,https://cartomap.github.io/nl/wgs84/coropplusgebied_2023.geojson,https://cartomap.github.io/nl/rd/coropplusgebied_2023.geojson
coropsubgebied,1995,https://cartomap.github.io/nl/wgs84/coropsubgebied_1995.geojson,https://cartomap.github.io/nl/rd/coropsubgebied_1995.geojson
coropsubgebied,1996,https://cartomap.github.io/nl/wgs84/coropsubgebied_1996.geojson,https://cartomap.github.io/nl/rd/coropsubgebied_1996.geojson
coropsubgebied,1997,https://cartomap.github.io/nl/wgs84/coropsubgebied_1997.geojson,https://cartomap.github.io/nl/rd/coropsubgebied_1997.geojson
coropsubgebied,1998,https://cartomap.github.io/nl/wgs84/coropsubgebied_1998.geojson,https://cartomap.github.io/nl/rd/coropsubgebied_1998.geojson
coropsubgebied,1999,https://cartomap.github.io/nl/wgs84/coropsubgebied_1999.geojson,https://cartomap.github.io/nl/rd/coropsubgebied_1999.geojson
coropsubgebied,2000,https://cartomap.github.io/nl/wgs84/coropsubgebied_2000.geojson,https://cartomap.github.io/nl/rd/coropsubgebied_2000.geojson
coropsubgebied,2001,https://cartomap.github.io/nl/wgs84/coropsubgebied_2001.geojson,https://cartomap.github.io/nl/rd/coropsubgebied_2001.geojson
coropsubgebied,2002,https://cartomap.github.io/nl/wgs84/coropsubgebied_2002.geojson,https://cartomap.github.io/nl/rd/coropsubgebied_2002.geojson
coropsubgebied,2003,https://cartomap.github.io/nl/wgs84/coropsubgebied_2003.geojson,https://cartomap.github.io/nl/rd/coropsubgebied_2003.geojson
coropsubgebied,2004,https://cartomap.github.io/nl/wgs84/coropsubgebied_2004.geojson,https://cartomap.github.io/nl/rd/coropsubgebied_2004.geojson
coropsubgebied,2005,https://cartomap.github.io/nl/wgs84/coropsubgebied_2005.geojson,https://cartomap.github.io/nl/rd/coropsubgebied_2005.geojson
coropsubgebied,2006,https://cartomap.github.io/nl/wgs84/coropsubgebied_2006.geojson,https://cartomap.github.io/nl/rd/coropsubgebied_2006.geojson
coropsubgebied,2007,https://cartomap.github.io/nl/wgs84/coropsubgebied_2007.geojson,https://cartomap.github.io/nl/rd/coropsubgebied_2007.geojson
coropsubgebied,2008,https://cartomap.github.io/nl/wgs84/coropsubgebied_2008.geojson,https://cartomap.github.io/nl/rd/coropsubgebied_2008.geojson
coropsubgebied,2009,https://cartomap.github.io/nl/wgs84/coropsubgebied_2009.geojson,https://cartomap.github.io/nl/rd/coropsubgebied_2009.geojson
coropsubgebied,2010,https://cartomap.github.io/nl/wgs84/coropsubgebied_2010.geojson,https://cartomap.github.io/nl/rd/coropsubgebied_2010.geojson
coropsubgebied,2011,https://cartomap.github.io/nl/wgs84/coropsubgebied_2011.geojson,https://cartomap.github.io/nl/rd/coropsubgebied_2011.geojson
coropsubgebied,2012,https://cartomap.github.io/nl/wgs84/coropsubgebied_2012.geojson,https://cartomap.github.io/nl/rd/coropsubgebied_2012.geojson
coropsubgebied,2013,https://cartomap.github.io/nl/wgs84/coropsubgebied_2013.geojson,https://cartomap.github.io/nl/rd/coropsubgebied_2013.geojson
coropsubgebied,2014,https://cartomap.github.io/nl/wgs84/coropsubgebied_2014.geojson,https://cartomap.github.io/nl/rd/coropsubgebied_2014.geojson
coropsubgebied,2015,https://cartomap.github.io/nl/wgs84/coropsubgebied_2015.geojson,https://cartomap.github.io/nl/rd/coropsubgebied_2015.geojson
coropsubgebied,2016,https://cartomap.github.io/nl/wgs84/coropsubgebied_2016.geojson,https://cartomap.github.io/nl/rd/coropsubgebied_2016.geojson
coropsubgebied,2017,https://cartomap.github.io/nl/wgs84/coropsubgebied_2017.geojson,https://cartomap.github.io/nl/rd/coropsubgebied_2017.geojson
coropsubgebied,2018,https://cartomap.github.io/nl/wgs84/coropsubgebied_2018.geojson,https://cartomap.github.io/nl/rd/coropsubgebied_2018.geojson
coropsubgebied,2019,https://cartomap.github.io/nl/wgs84/coropsubgebied_2019.geojson,https://cartomap.github.io/nl/rd/coropsubgebied_2019.geojson
coropsubgebied,2020,https://cartomap.github.io/nl/wgs84/coropsubgebied_2020.geojson,https://cartomap.github.io/nl/rd/coropsubgebied_2020.geojson
coropsubgebied,2021,https://cartomap.github.io/nl/wgs84/coropsubgebied_2021.geojson,https://cartomap.github.io/nl/rd/coropsubgebied_2021.geojson
coropsubgebied,2022,https://cartomap.github.io/nl/wgs84/coropsubgebied_2022.geojson,https://cartomap.github.io/nl/rd/coropsubgebied_2022.geojson
coropsubgebied,2023,https://cartomap.github.io/nl/wgs84/coropsubgebied_2023.geojson,https://cartomap.github.io/nl/rd/coropsubgebied_2023.geojson
gemeente,1995,https://cartomap.github.io/nl/wgs84/gemeente_1995.geojson,https://cartomap.github.io/nl/rd/gemeente_1995.geojson
gemeente,1996,https://cartomap.github.io/nl/wgs84/gemeente_1996.geojson,https://cartomap.github.io/nl/rd/gemeente_1996.geojson
gemeente,1997,https://cartomap.github.io/nl/wgs84/gemeente_1997.geojson,https://cartomap.github.io/nl/rd/gemeente_1997.geojson
gemeente,1998,https://cartomap.github.io/nl/wgs84/gemeente_1998.geojson,https://cartomap.github.io/nl/rd/gemeente_1998.geojson
gemeente,1999,https://cartomap.github.io/nl/wgs84/gemeente_1999.geojson,https://cartomap.github.io/nl/rd/gemeente_1999.geojson
gemeente,2000,https://cartomap.github.io/nl/wgs84/gemeente_2000.geojson,https://cartomap.github.io/nl/rd/gemeente_2000.geojson
gemeente,2001,https://cartomap.github.io/nl/wgs84/gemeente_2001.geojson,https://cartomap.github.io/nl/rd/gemeente_2001.geojson
gemeente,2002,https://cartomap.github.io/nl/wgs84/gemeente_2002.geojson,https://cartomap.github.io/nl/rd/gemeente_2002.geojson
gemeente,2003,https://cartomap.github.io/nl/wgs84/gemeente_2003.geojson,https://cartomap.github.io/nl/rd/gemeente_2003.geojson
gemeente,2004,https://cartomap.github.io/nl/wgs84/gemeente_2004.geojson,https://cartomap.github.io/nl/rd/gemeente_2004.geojson
gemeente,2005,https://cartomap.github.io/nl/wgs84/gemeente_2005.geojson,https://cartomap.github.io/nl/rd/gemeente_2005.geojson
gemeente,2006,https://cartomap.github.io/nl/wgs84/gemeente_2006.geojson,https://cartomap.github.io/nl/rd/gemeente_2006.geojson
gemeente,2007,https://cartomap.github.io/nl/wgs84/gemeente_2007.geojson,https://cartomap.github.io/nl/rd/gemeente_2007.geojson
gemeente,2008,https://cartomap.github.io/nl/wgs84/gemeente_2008.geojson,https://cartomap.github.io/nl/rd/gemeente_2008.geojson
gemeente,2009,https://cartomap.github.io/nl/wgs84/gemeente_2009.geojson,https://cartomap.github.io/nl/rd/gemeente_2009.geojson
gemeente,2010,https://cartomap.github.io/nl/wgs84/gemeente_2010.geojson,https://cartomap.github.io/nl/rd/gemeente_2010.geojson
gemeente,2011,https://cartomap.github.io/nl/wgs84/gemeente_2011.geojson,https://cartomap.github.io/nl/rd/gemeente_2011.geojson
gemeente,2012,https://cartomap.github.io/nl/wgs84/gemeente_2012.geojson,https://cartomap.github.io/nl/rd/gemeente_2012.geojson
gemeente,2013,https://cartomap.github.io/nl/wgs84/gemeente_2013.geojson,https://cartomap.github.io/nl/rd/gemeente_2013.geojson
gemeente,2014,https://cartomap.github.io/nl/wgs84/gemeente_2014.geojson,https://cartomap.github.io/nl/rd/gemeente_2014.geojson
gemeente,2015,https://cartomap.github.io/nl/wgs84/gemeente_2015.geojson,https://cartomap.github.io/nl/rd/gemeente_2015.geojson
gemeente,2016,https://cartomap.github.io/nl/wgs84/gemeente_2016.geojson,https://cartomap.github.io/nl/rd/gemeente_2016.geojson
gemeente,2017,https://cartomap.github.io/nl/wgs84/gemeente_2017.geojson,https://cartomap.github.io/nl/rd/gemeente_2017.geojson
gemeente,2018,https://cartomap.github.io/nl/wgs84/gemeente_2018.geojson,https://cartomap.github.io/nl/rd/gemeente_2018.geojson
gemeente,2019,https://cartomap.github.io/nl/wgs84/gemeente_2019.geojson,https://cartomap.github.io/nl/rd/gemeente_2019.geojson
gemeente,2020,https://cartomap.github.io/nl/wgs84/gemeente_2020.geojson,https://cartomap.github.io/nl/rd/gemeente_2020.geojson
gemeente,2021,https://cartomap.github.io/nl/wgs84/gemeente_2021.geojson,https://cartomap.github.io/nl/rd/gemeente_2021.geojson
gemeente,2022,https://cartomap.github.io/nl/wgs84/gemeente_2022.geojson,https://cartomap.github.io/nl/rd/gemeente_2022.geojson
gemeente,2023,https://cartomap.github.io/nl/wgs84/gemeente_2023.geojson,https://cartomap.github.io/nl/rd/gemeente_2023.geojson
ggdregio,1995,https://cartomap.github.io/nl/wgs84/ggdregio_1995.geojson,https://cartomap.github.io/nl/rd/ggdregio_1995.geojson
ggdregio,1996,https://cartomap.github.io/nl/wgs84/ggdregio_1996.geojson,https://cartomap.github.io/nl/rd/ggdregio_1996.geojson
ggdregio,1997,https://cartomap.github.io/nl/wgs84/ggdregio_1997.geojson,https://cartomap.github.io/nl/rd/ggdregio_1997.geojson
ggdregio,1998,https://cartomap.github.io/nl/wgs84/ggdregio_1998.geojson,https://cartomap.github.io/nl/rd/ggdregio_1998.geojson
ggdregio,1999,https://cartomap.github.io/nl/wgs84/ggdregio_1999.geojson,https://cartomap.github.io/nl/rd/ggdregio_1999.geojson
ggdregio,2000,https://cartomap.github.io/nl/wgs84/ggdregio_2000.geojson,https://cartomap.github.io/nl/rd/ggdregio_2000.geojson
ggdregio,2001,https://cartomap.github.io/nl/wgs84/ggdregio_2001.geojson,https://cartomap.github.io/nl/rd/ggdregio_2001.geojson
ggdregio,2002,https://cartomap.github.io/nl/wgs84/ggdregio_2002.geojson,https://cartomap.github.io/nl/rd/ggdregio_2002.geojson
ggdregio,2003,https://cartomap.github.io/nl/wgs84/ggdregio_2003.geojson,https://cartomap.github.io/nl/rd/ggdregio_2003.geojson
ggdregio,2004,https://cartomap.github.io/nl/wgs84/ggdregio_2004.geojson,https://cartomap.github.io/nl/rd/ggdregio_2004.geojson
ggdregio,2005,https://cartomap.github.io/nl/wgs84/ggdregio_2005.geojson,https://cartomap.github.io/nl/rd/ggdregio_2005.geojson
ggdregio,2006,https://cartomap.github.io/nl/wgs84/ggdregio_2006.geojson,https://cartomap.github.io/nl/rd/ggdregio_2006.geojson
ggdregio,2007,https://cartomap.github.io/nl/wgs84/ggdregio_2007.geojson,https://cartomap.github.io/nl/rd/ggdregio_2007.geojson
ggdregio,2008,https://cartomap.github.io/nl/wgs84/ggdregio_2008.geojson,https://cartomap.github.io/nl/rd/ggdregio_2008.geojson
ggdregio,2009,https://cartomap.github.io/nl/wgs84/ggdregio_2009.geojson,https://cartomap.github.io/nl/rd/ggdregio_2009.geojson
ggdregio,2010,https://cartomap.github.io/nl/wgs84/ggdregio_2010.geojson,https://cartomap.github.io/nl/rd/ggdregio_2010.geojson
ggdregio,2011,https://cartomap.github.io/nl/wgs84/ggdregio_2011.geojson,https://cartomap.github.io/nl/rd/ggdregio_2011.geojson
ggdregio,2012,https://cartomap.github.io/nl/wgs84/ggdregio_2012.geojson,https://cartomap.github.io/nl/rd/ggdregio_2012.geojson
ggdregio,2013,https://cartomap.github.io/nl/wgs84/ggdregio_2013.geojson,https://cartomap.github.io/nl/rd/ggdregio_2013.geojson
ggdregio,2014,https://cartomap.github.io/nl/wgs84/ggdregio_2014.geojson,https://cartomap.github.io/nl/rd/ggdregio_2014.geojson
ggdregio,2015,https://cartomap.github.io/nl/wgs84/ggdregio_2015.geojson,https://cartomap.github.io/nl/rd/ggdregio_2015.geojson
ggdregio,2016,https://cartomap.github.io/nl/wgs84/ggdregio_2016.geojson,https://cartomap.github.io/nl/rd/ggdregio_2016.geojson
ggdregio,2017,https://cartomap.github.io/nl/wgs84/ggdregio_2017.geojson,https://cartomap.github.io/nl/rd/ggdregio_2017.geojson
ggdregio,2018,https://cartomap.github.io/nl/wgs84/ggdregio_2018.geojson,https://cartomap.github.io/nl/rd/ggdregio_2018.geojson
ggdregio,2019,https://cartomap.github.io/nl/wgs84/ggdregio_2019.geojson,https://cartomap.github.io/nl/rd/ggdregio_2019.geojson
ggdregio,2020,https://cartomap.github.io/nl/wgs84/ggdregio_2020.geojson,https://cartomap.github.io/nl/rd/ggdregio_2020.geojson
ggdregio,2021,https://cartomap.github.io/nl/wgs84/ggdregio_2021.geojson,https://cartomap.github.io/nl/rd/ggdregio_2021.geojson
ggdregio,2022,https://cartomap.github.io/nl/wgs84/ggdregio_2022.geojson,https://cartomap.github.io/nl/rd/ggdregio_2022.geojson
ggdregio,2023,https://cartomap.github.io/nl/wgs84/ggdregio_2023.geojson,https://cartomap.github.io/nl/rd/ggdregio_2023.geojson
grootstedelijke_agglomeratie,2000,https://cartomap.github.io/nl/wgs84/grootstedelijke_agglomeratie_2000.geojson,https://cartomap.github.io/nl/rd/grootstedelijke_agglomeratie_2000.geojson
grootstedelijke_agglomeratie,2001,https://cartomap.github.io/nl/wgs84/grootstedelijke_agglomeratie_2001.geojson,https://cartomap.github.io/nl/rd/grootstedelijke_agglomeratie_2001.geojson
grootstedelijke_agglomeratie,2002,https://cartomap.github.io/nl/wgs84/grootstedelijke_agglomeratie_2002.geojson,https://cartomap.github.io/nl/rd/grootstedelijke_agglomeratie_2002.geojson
grootstedelijke_agglomeratie,2003,https://cartomap.github.io/nl/wgs84/grootstedelijke_agglomeratie_2003.geojson,https://cartomap.github.io/nl/rd/grootstedelijke_agglomeratie_2003.geojson
grootstedelijke_agglomeratie,2004,https://cartomap.github.io/nl/wgs84/grootstedelijke_agglomeratie_2004.geojson,https://cartomap.github.io/nl/rd/grootstedelijke_agglomeratie_2004.geojson
grootstedelijke_agglomeratie,2005,https://cartomap.github.io/nl/wgs84/grootstedelijke_agglomeratie_2005.geojson,https://cartomap.github.io/nl/rd/grootstedelijke_agglomeratie_2005.geojson
grootstedelijke_agglomeratie,2006,https://cartomap.github.io/nl/wgs84/grootstedelijke_agglomeratie_2006.geojson,https://cartomap.github.io/nl/rd/grootstedelijke_agglomeratie_2006.geojson
grootstedelijke_agglomeratie,2007,https://cartomap.github.io/nl/wgs84/grootstedelijke_agglomeratie_2007.geojson,https://cartomap.github.io/nl/rd/grootstedelijke_agglomeratie_2007.geojson
grootstedelijke_agglomeratie,2008,https://cartomap.github.io/nl/wgs84/grootstedelijke_agglomeratie_2008.geojson,https://cartomap.github.io/nl/rd/grootstedelijke_agglomeratie_2008.geojson
grootstedelijke_agglomeratie,2009,https://cartomap.github.io/nl/wgs84/grootstedelijke_agglomeratie_2009.geojson,https://cartomap.github.io/nl/rd/grootstedelijke_agglomeratie_2009.geojson
grootstedelijke_agglomeratie,2010,https://cartomap.github.io/nl/wgs84/grootstedelijke_agglomeratie_2010.geojson,https://cartomap.github.io/nl/rd/grootstedelijke_agglomeratie_2010.geojson
grootstedelijke_agglomeratie,2011,https://cartomap.github.io/nl/wgs84/grootstedelijke_agglomeratie_2011.geojson,https://cartomap.github.io/nl/rd/grootstedelijke_agglomeratie_2011.geojson
grootstedelijke_agglomeratie,2012,https://cartomap.github.io/nl/wgs84/grootstedelijke_agglomeratie_2012.geojson,https://cartomap.github.io/nl/rd/grootstedelijke_agglomeratie_2012.geojson
grootstedelijke_agglomeratie,2013,https://cartomap.github.io/nl/wgs84/grootstedelijke_agglomeratie_2013.geojson,https://cartomap.github.io/nl/rd/grootstedelijke_agglomeratie_2013.geojson
grootstedelijke_agglomeratie,2014,https://cartomap.github.io/nl/wgs84/grootstedelijke_agglomeratie_2014.geojson,https://cartomap.github.io/nl/rd/grootstedelijke_agglomeratie_2014.geojson
grootstedelijke_agglomeratie,2015,https://cartomap.github.io/nl/wgs84/grootstedelijke_agglomeratie_2015.geojson,https://cartomap.github.io/nl/rd/grootstedelijke_agglomeratie_2015.geojson
jeugdregio,2015,https://cartomap.github.io/nl/wgs84/jeugdregio_2015.geojson,https://cartomap.github.io/nl/rd/jeugdregio_2015.geojson
jeugdregio,2016,https://cartomap.github.io/nl/wgs84/jeugdregio_2016.geojson,https://cartomap.github.io/nl/rd/jeugdregio_2016.geojson
jeugdregio,2017,https://cartomap.github.io/nl/wgs84/jeugdregio_2017.geojson,https://cartomap.github.io/nl/rd/jeugdregio_2017.geojson
jeugdregio,2018,https://cartomap.github.io/nl/wgs84/jeugdregio_2018.geojson,https://cartomap.github.io/nl/rd/jeugdregio_2018.geojson
jeugdregio,2019,https://cartomap.github.io/nl/wgs84/jeugdregio_2019.geojson,https://cartomap.github.io/nl/rd/jeugdregio_2019.geojson
jeugdregio,2020,https://cartomap.github.io/nl/wgs84/jeugdregio_2020.geojson,https://cartomap.github.io/nl/rd/jeugdregio_2020.geojson
jeugdregio,2021,https://cartomap.github.io/nl/wgs84/jeugdregio_2021.geojson,https://cartomap.github.io/nl/rd/jeugdregio_2021.geojson
jeugdregio,2022,https://cartomap.github.io/nl/wgs84/jeugdregio_2022.geojson,https://cartomap.github.io/nl/rd/jeugdregio_2022.geojson
jeugdregio,2023,https://cartomap.github.io/nl/wgs84/jeugdregio_2023.geojson,https://cartomap.github.io/nl/rd/jeugdregio_2023.geojson
kamervankoophandelregio,2008,https://cartomap.github.io/nl/wgs84/kamervankoophandelregio_2008.geojson,https://cartomap.github.io/nl/rd/kamervankoophandelregio_2008.geojson
kamervankoophandelregio,2009,https://cartomap.github.io/nl/wgs84/kamervankoophandelregio_2009.geojson,https://cartomap.github.io/nl/rd/kamervankoophandelregio_2009.geojson
kamervankoophandelregio,2010,https://cartomap.github.io/nl/wgs84/kamervankoophandelregio_2010.geojson,https://cartomap.github.io/nl/rd/kamervankoophandelregio_2010.geojson
kamervankoophandelregio,2011,https://cartomap.github.io/nl/wgs84/kamervankoophandelregio_2011.geojson,https://cartomap.github.io/nl/rd/kamervankoophandelregio_2011.geojson
kamervankoophandelregio,2012,https://cartomap.github.io/nl/wgs84/kamervankoophandelregio_2012.geojson,https://cartomap.github.io/nl/rd/kamervankoophandelregio_2012.geojson
kamervankoophandelregio,2013,https://cartomap.github.io/nl/wgs84/kamervankoophandelregio_2013.geojson,https://cartomap.github.io/nl/rd/kamervankoophandelregio_2013.geojson
kamervankoophandelregio,2014,https://cartomap.github.io/nl/wgs84/kamervankoophandelregio_2014.geojson,https://cartomap.github.io/nl/rd/kamervankoophandelregio_2014.geojson
kamervankoophandelregio,2015,https://cartomap.github.io/nl/wgs84/kamervankoophandelregio_2015.geojson,https://cartomap.github.io/nl/rd/kamervankoophandelregio_2015.geojson
kamervankoophandelregio,2016,https://cartomap.github.io/nl/wgs84/kamervankoophandelregio_2016.geojson,https://cartomap.github.io/nl/rd/kamervankoophandelregio_2016.geojson
kamervankoophandelregio,2017,https://cartomap.github.io/nl/wgs84/kamervankoophandelregio_2017.geojson,https://cartomap.github.io/nl/rd/kamervankoophandelregio_2017.geojson
kamervankoophandelregio,2018,https://cartomap.github.io/nl/wgs84/kamervankoophandelregio_2018.geojson,https://cartomap.github.io/nl/rd/kamervankoophandelregio_2018.geojson
kamervankoophandelregio,2019,https://cartomap.github.io/nl/wgs84/kamervankoophandelregio_2019.geojson,https://cartomap.github.io/nl/rd/kamervankoophandelregio_2019.geojson
kamervankoophandelregio,2020,https://cartomap.github.io/nl/wgs84/kamervankoophandelregio_2020.geojson,https://cartomap.github.io/nl/rd/kamervankoophandelregio_2020.geojson
kamervankoophandelregio,2021,https://cartomap.github.io/nl/wgs84/kamervankoophandelregio_2021.geojson,https://cartomap.github.io/nl/rd/kamervankoophandelregio_2021.geojson
kamervankoophandelregio,2022,https://cartomap.github.io/nl/wgs84/kamervankoophandelregio_2022.geojson,https://cartomap.github.io/nl/rd/kamervankoophandelregio_2022.geojson
kamervankoophandelregio,2023,https://cartomap.github.io/nl/wgs84/kamervankoophandelregio_2023.geojson,https://cartomap.github.io/nl/rd/kamervankoophandelregio_2023.geojson
landbouwgebied,1995,https://cartomap.github.io/nl/wgs84/landbouwgebied_1995.geojson,https://cartomap.github.io/nl/rd/landbouwgebied_1995.geojson
landbouwgebied,1996,https://cartomap.github.io/nl/wgs84/landbouwgebied_1996.geojson,https://cartomap.github.io/nl/rd/landbouwgebied_1996.geojson
landbouwgebied,1997,https://cartomap.github.io/nl/wgs84/landbouwgebied_1997.geojson,https://cartomap.github.io/nl/rd/landbouwgebied_1997.geojson
landbouwgebied,1998,https://cartomap.github.io/nl/wgs84/landbouwgebied_1998.geojson,https://cartomap.github.io/nl/rd/landbouwgebied_1998.geojson
landbouwgebied,1999,https://cartomap.github.io/nl/wgs84/landbouwgebied_1999.geojson,https://cartomap.github.io/nl/rd/landbouwgebied_1999.geojson
landbouwgebied,2000,https://cartomap.github.io/nl/wgs84/landbouwgebied_2000.geojson,https://cartomap.github.io/nl/rd/landbouwgebied_2000.geojson
landbouwgebied,2001,https://cartomap.github.io/nl/wgs84/landbouwgebied_2001.geojson,https://cartomap.github.io/nl/rd/landbouwgebied_2001.geojson
landbouwgebied,2002,https://cartomap.github.io/nl/wgs84/landbouwgebied_2002.geojson,https://cartomap.github.io/nl/rd/landbouwgebied_2002.geojson
landbouwgebied,2003,https://cartomap.github.io/nl/wgs84/landbouwgebied_2003.geojson,https://cartomap.github.io/nl/rd/landbouwgebied_2003.geojson
landbouwgebied,2004,https://cartomap.github.io/nl/wgs84/landbouwgebied_2004.geojson,https://cartomap.github.io/nl/rd/landbouwgebied_2004.geojson
landbouwgebied,2005,https://cartomap.github.io/nl/wgs84/landbouwgebied_2005.geojson,https://cartomap.github.io/nl/rd/landbouwgebied_2005.geojson
landbouwgebied,2006,https://cartomap.github.io/nl/wgs84/landbouwgebied_2006.geojson,https://cartomap.github.io/nl/rd/landbouwgebied_2006.geojson
landbouwgebied,2007,https://cartomap.github.io/nl/wgs84/landbouwgebied_2007.geojson,https://cartomap.github.io/nl/rd/landbouwgebied_2007.geojson
landbouwgebied,2008,https://cartomap.github.io/nl/wgs84/landbouwgebied_2008.geojson,https://cartomap.github.io/nl/rd/landbouwgebied_2008.geojson
landbouwgebied,2009,https://cartomap.github.io/nl/wgs84/landbouwgebied_2009.geojson,https://cartomap.github.io/nl/rd/landbouwgebied_2009.geojson
landbouwgebied,2010,https://cartomap.github.io/nl/wgs84/landbouwgebied_2010.geojson,https://cartomap.github.io/nl/rd/landbouwgebied_2010.geojson
landbouwgebied,2011,https://cartomap.github.io/nl/wgs84/landbouwgebied_2011.geojson,https://cartomap.github.io/nl/rd/landbouwgebied_2011.geojson
landbouwgebied,2012,https://cartomap.github.io/nl/wgs84/landbouwgebied_2012.geojson,https://cartomap.github.io/nl/rd/landbouwgebied_2012.geojson
landbouwgebied,2013,https://cartomap.github.io/nl/wgs84/landbouwgebied_2013.geojson,https://cartomap.github.io/nl/rd/landbouwgebied_2013.geojson
landbouwgebied,2014,https://cartomap.github.io/nl/wgs84/landbouwgebied_2014.geojson,https://cartomap.github.io/nl/rd/landbouwgebied_2014.geojson
landbouwgebied,2015,https://cartomap.github.io/nl/wgs84/landbouwgebied_2015.geojson,https://cartomap.github.io/nl/rd/landbouwgebied_2015.geojson
landbouwgebied,2016,https://cartomap.github.io/nl/wgs84/landbouwgebied_2016.geojson,https://cartomap.github.io/nl/rd/landbouwgebied_2016.geojson
landbouwgebied,2017,https://cartomap.github.io/nl/wgs84/landbouwgebied_2017.geojson,https://cartomap.github.io/nl/rd/landbouwgebied_2017.geojson
landbouwgebied,2018,https://cartomap.github.io/nl/wgs84/landbouwgebied_2018.geojson,https://cartomap.github.io/nl/rd/landbouwgebied_2018.geojson
landbouwgebied,2019,https://cartomap.github.io/nl/wgs84/landbouwgebied_2019.geojson,https://cartomap.github.io/nl/rd/landbouwgebied_2019.geojson
landbouwgebied,2020,https://cartomap.github.io/nl/wgs84/landbouwgebied_2020.geojson,https://cartomap.github.io/nl/rd/landbouwgebied_2020.geojson
landbouwgebied,2021,https://cartomap.github.io/nl/wgs84/landbouwgebied_2021.geojson,https://cartomap.github.io/nl/rd/landbouwgebied_2021.geojson
landbouwgebied,2022,https://cartomap.github.io/nl/wgs84/landbouwgebied_2022.geojson,https://cartomap.github.io/nl/rd/landbouwgebied_2022.geojson
landbouwgebied,2023,https://cartomap.github.io/nl/wgs84/landbouwgebied_2023.geojson,https://cartomap.github.io/nl/rd/landbouwgebied_2023.geojson
landbouwgroep,1995,https://cartomap.github.io/nl/wgs84/landbouwgroep_1995.geojson,https://cartomap.github.io/nl/rd/landbouwgroep_1995.geojson
landbouwgroep,1996,https://cartomap.github.io/nl/wgs84/landbouwgroep_1996.geojson,https://cartomap.github.io/nl/rd/landbouwgroep_1996.geojson
landbouwgroep,1997,https://cartomap.github.io/nl/wgs84/landbouwgroep_1997.geojson,https://cartomap.github.io/nl/rd/landbouwgroep_1997.geojson
landbouwgroep,1998,https://cartomap.github.io/nl/wgs84/landbouwgroep_1998.geojson,https://cartomap.github.io/nl/rd/landbouwgroep_1998.geojson
landbouwgroep,1999,https://cartomap.github.io/nl/wgs84/landbouwgroep_1999.geojson,https://cartomap.github.io/nl/rd/landbouwgroep_1999.geojson
landbouwgroep,2000,https://cartomap.github.io/nl/wgs84/landbouwgroep_2000.geojson,https://cartomap.github.io/nl/rd/landbouwgroep_2000.geojson
landbouwgroep,2001,https://cartomap.github.io/nl/wgs84/landbouwgroep_2001.geojson,https://cartomap.github.io/nl/rd/landbouwgroep_2001.geojson
landbouwgroep,2002,https://cartomap.github.io/nl/wgs84/landbouwgroep_2002.geojson,https://cartomap.github.io/nl/rd/landbouwgroep_2002.geojson
landbouwgroep,2003,https://cartomap.github.io/nl/wgs84/landbouwgroep_2003.geojson,https://cartomap.github.io/nl/rd/landbouwgroep_2003.geojson
landbouwgroep,2004,https://cartomap.github.io/nl/wgs84/landbouwgroep_2004.geojson,https://cartomap.github.io/nl/rd/landbouwgroep_2004.geojson
landbouwgroep,2005,https://cartomap.github.io/nl/wgs84/landbouwgroep_2005.geojson,https://cartomap.github.io/nl/rd/landbouwgroep_2005.geojson
landbouwgroep,2006,https://cartomap.github.io/nl/wgs84/landbouwgroep_2006.geojson,https://cartomap.github.io/nl/rd/landbouwgroep_2006.geojson
landbouwgroep,2007,https://cartomap.github.io/nl/wgs84/landbouwgroep_2007.geojson,https://cartomap.github.io/nl/rd/landbouwgroep_2007.geojson
landbouwgroep,2008,https://cartomap.github.io/nl/wgs84/landbouwgroep_2008.geojson,https://cartomap.github.io/nl/rd/landbouwgroep_2008.geojson
landbouwgroep,2009,https://cartomap.github.io/nl/wgs84/landbouwgroep_2009.geojson,https://cartomap.github.io/nl/rd/landbouwgroep_2009.geojson
landbouwgroep,2010,https://cartomap.github.io/nl/wgs84/landbouwgroep_2010.geojson,https://cartomap.github.io/nl/rd/landbouwgroep_2010.geojson
landbouwgroep,2011,https://cartomap.github.io/nl/wgs84/landbouwgroep_2011.geojson,https://cartomap.github.io/nl/rd/landbouwgroep_2011.geojson
landbouwgroep,2012,https://cartomap.github.io/nl/wgs84/landbouwgroep_2012.geojson,https://cartomap.github.io/nl/rd/landbouwgroep_2012.geojson
landbouwgroep,2013,https://cartomap.github.io/nl/wgs84/landbouwgroep_2013.geojson,https://cartomap.github.io/nl/rd/landbouwgroep_2013.geojson
landbouwgroep,2014,https://cartomap.github.io/nl/wgs84/landbouwgroep_2014.geojson,https://cartomap.github.io/nl/rd/landbouwgroep_2014.geojson
landbouwgroep,2015,https://cartomap.github.io/nl/wgs84/landbouwgroep_2015.geojson,https://cartomap.github.io/nl/rd/landbouwgroep_2015.geojson
landbouwgroep,2016,https://cartomap.github.io/nl/wgs84/landbouwgroep_2016.geojson,https://cartomap.github.io/nl/rd/landbouwgroep_2016.geojson
landbouwgroep,2017,https://cartomap.github.io/nl/wgs84/landbouwgroep_2017.geojson,https://cartomap.github.io/nl/rd/landbouwgroep_2017.geojson
landbouwgroep,2018,https://cartomap.github.io/nl/wgs84/landbouwgroep_2018.geojson,https://cartomap.github.io/nl/rd/landbouwgroep_2018.geojson
landbouwgroep,2019,https://cartomap.github.io/nl/wgs84/landbouwgroep_2019.geojson,https://cartomap.github.io/nl/rd/landbouwgroep_2019.geojson
landbouwgroep,2020,https://cartomap.github.io/nl/wgs84/landbouwgroep_2020.geojson,https://cartomap.github.io/nl/rd/landbouwgroep_2020.geojson
landbouwgroep,2021,https://cartomap.github.io/nl/wgs84/landbouwgroep_2021.geojson,https://cartomap.github.io/nl/rd/landbouwgroep_2021.geojson
landbouwgroep,2022,https://cartomap.github.io/nl/wgs84/landbouwgroep_2022.geojson,https://cartomap.github.io/nl/rd/landbouwgroep_2022.geojson
landbouwgroep,2023,https://cartomap.github.io/nl/wgs84/landbouwgroep_2023.geojson,https://cartomap.github.io/nl/rd/landbouwgroep_2023.geojson
landsdeel,1995,https://cartomap.github.io/nl/wgs84/landsdeel_1995.geojson,https://cartomap.github.io/nl/rd/landsdeel_1995.geojson
landsdeel,1996,https://cartomap.github.io/nl/wgs84/landsdeel_1996.geojson,https://cartomap.github.io/nl/rd/landsdeel_1996.geojson
landsdeel,1997,https://cartomap.github.io/nl/wgs84/landsdeel_1997.geojson,https://cartomap.github.io/nl/rd/landsdeel_1997.geojson
landsdeel,1998,https://cartomap.github.io/nl/wgs84/landsdeel_1998.geojson,https://cartomap.github.io/nl/rd/landsdeel_1998.geojson
landsdeel,1999,https://cartomap.github.io/nl/wgs84/landsdeel_1999.geojson,https://cartomap.github.io/nl/rd/landsdeel_1999.geojson
landsdeel,2000,https://cartomap.github.io/nl/wgs84/landsdeel_2000.geojson,https://cartomap.github.io/nl/rd/landsdeel_2000.geojson
landsdeel,2001,https://cartomap.github.io/nl/wgs84/landsdeel_2001.geojson,https://cartomap.github.io/nl/rd/landsdeel_2001.geojson
landsdeel,2002,https://cartomap.github.io/nl/wgs84/landsdeel_2002.geojson,https://cartomap.github.io/nl/rd/landsdeel_2002.geojson
landsdeel,2003,https://cartomap.github.io/nl/wgs84/landsdeel_2003.geojson,https://cartomap.github.io/nl/rd/landsdeel_2003.geojson
landsdeel,2004,https://cartomap.github.io/nl/wgs84/landsdeel_2004.geojson,https://cartomap.github.io/nl/rd/landsdeel_2004.geojson
landsdeel,2005,https://cartomap.github.io/nl/wgs84/landsdeel_2005.geojson,https://cartomap.github.io/nl/rd/landsdeel_2005.geojson
landsdeel,2006,https://cartomap.github.io/nl/wgs84/landsdeel_2006.geojson,https://cartomap.github.io/nl/rd/landsdeel_2006.geojson
landsdeel,2007,https://cartomap.github.io/nl/wgs84/landsdeel_2007.geojson,https://cartomap.github.io/nl/rd/landsdeel_2007.geojson
landsdeel,2008,https://cartomap.github.io/nl/wgs84/landsdeel_2008.geojson,https://cartomap.github.io/nl/rd/landsdeel_2008.geojson
landsdeel,2009,https://cartomap.github.io/nl/wgs84/landsdeel_2009.geojson,https://cartomap.github.io/nl/rd/landsdeel_2009.geojson
landsdeel,2010,https://cartomap.github.io/nl/wgs84/landsdeel_2010.geojson,https://cartomap.github.io/nl/rd/landsdeel_2010.geojson
landsdeel,2011,https://cartomap.github.io/nl/wgs84/landsdeel_2011.geojson,https://cartomap.github.io/nl/rd/landsdeel_2011.geojson
landsdeel,2012,https://cartomap.github.io/nl/wgs84/landsdeel_2012.geojson,https://cartomap.github.io/nl/rd/landsdeel_2012.geojson
landsdeel,2013,https://cartomap.github.io/nl/wgs84/landsdeel_2013.geojson,https://cartomap.github.io/nl/rd/landsdeel_2013.geojson
landsdeel,2014,https://cartomap.github.io/nl/wgs84/landsdeel_2014.geojson,https://cartomap.github.io/nl/rd/landsdeel_2014.geojson
landsdeel,2015,https://cartomap.github.io/nl/wgs84/landsdeel_2015.geojson,https://cartomap.github.io/nl/rd/landsdeel_2015.geojson
landsdeel,2016,https://cartomap.github.io/nl/wgs84/landsdeel_2016.geojson,https://cartomap.github.io/nl/rd/landsdeel_2016.geojson
landsdeel,2017,https://cartomap.github.io/nl/wgs84/landsdeel_2017.geojson,https://cartomap.github.io/nl/rd/landsdeel_2017.geojson
landsdeel,2018,https://cartomap.github.io/nl/wgs84/landsdeel_2018.geojson,https://cartomap.github.io/nl/rd/landsdeel_2018.geojson
landsdeel,2019,https://cartomap.github.io/nl/wgs84/landsdeel_2019.geojson,https://cartomap.github.io/nl/rd/landsdeel_2019.geojson
landsdeel,2020,https://cartomap.github.io/nl/wgs84/landsdeel_2020.geojson,https://cartomap.github.io/nl/rd/landsdeel_2020.geojson
landsdeel,2021,https://cartomap.github.io/nl/wgs84/landsdeel_2021.geojson,https://cartomap.github.io/nl/rd/landsdeel_2021.geojson
landsdeel,2022,https://cartomap.github.io/nl/wgs84/landsdeel_2022.geojson,https://cartomap.github.io/nl/rd/landsdeel_2022.geojson
landsdeel,2023,https://cartomap.github.io/nl/wgs84/landsdeel_2023.geojson,https://cartomap.github.io/nl/rd/landsdeel_2023.geojson
nuts1,2003,https://cartomap.github.io/nl/wgs84/nuts1_2003.geojson,https://cartomap.github.io/nl/rd/nuts1_2003.geojson
nuts1,2006,https://cartomap.github.io/nl/wgs84/nuts1_2006.geojson,https://cartomap.github.io/nl/rd/nuts1_2006.geojson
nuts1,2010,https://cartomap.github.io/nl/wgs84/nuts1_2010.geojson,https://cartomap.github.io/nl/rd/nuts1_2010.geojson
nuts1,2013,https://cartomap.github.io/nl/wgs84/nuts1_2013.geojson,https://cartomap.github.io/nl/rd/nuts1_2013.geojson
nuts1,2016,https://cartomap.github.io/nl/wgs84/nuts1_2016.geojson,https://cartomap.github.io/nl/rd/nuts1_2016.geojson
nuts2,2003,https://cartomap.github.io/nl/wgs84/nuts2_2003.geojson,https://cartomap.github.io/nl/rd/nuts2_2003.geojson
nuts2,2006,https://cartomap.github.io/nl/wgs84/nuts2_2006.geojson,https://cartomap.github.io/nl/rd/nuts2_2006.geojson
nuts2,2010,https://cartomap.github.io/nl/wgs84/nuts2_2010.geojson,https://cartomap.github.io/nl/rd/nuts2_2010.geojson
nuts2,2013,https://cartomap.github.io/nl/wgs84/nuts2_2013.geojson,https://cartomap.github.io/nl/rd/nuts2_2013.geojson
nuts2,2016,https://cartomap.github.io/nl/wgs84/nuts2_2016.geojson,https://cartomap.github.io/nl/rd/nuts2_2016.geojson
nuts3,2003,https://cartomap.github.io/nl/wgs84/nuts3_2003.geojson,https://cartomap.github.io/nl/rd/nuts3_2003.geojson
nuts3,2006,https://cartomap.github.io/nl/wgs84/nuts3_2006.geojson,https://cartomap.github.io/nl/rd/nuts3_2006.geojson
nuts3,2010,https://cartomap.github.io/nl/wgs84/nuts3_2010.geojson,https://cartomap.github.io/nl/rd/nuts3_2010.geojson
nuts3,2013,https://cartomap.github.io/nl/wgs84/nuts3_2013.geojson,https://cartomap.github.io/nl/rd/nuts3_2013.geojson
nuts3,2016,https://cartomap.github.io/nl/wgs84/nuts3_2016.geojson,https://cartomap.github.io/nl/rd/nuts3_2016.geojson
politieregio,1995,https://cartomap.github.io/nl/wgs84/politieregio_1995.geojson,https://cartomap.github.io/nl/rd/politieregio_1995.geojson
politieregio,1996,https://cartomap.github.io/nl/wgs84/politieregio_1996.geojson,https://cartomap.github.io/nl/rd/politieregio_1996.geojson
politieregio,1997,https://cartomap.github.io/nl/wgs84/politieregio_1997.geojson,https://cartomap.github.io/nl/rd/politieregio_1997.geojson
politieregio,1998,https://cartomap.github.io/nl/wgs84/politieregio_1998.geojson,https://cartomap.github.io/nl/rd/politieregio_1998.geojson
politieregio,1999,https://cartomap.github.io/nl/wgs84/politieregio_1999.geojson,https://cartomap.github.io/nl/rd/politieregio_1999.geojson
politieregio,2000,https://cartomap.github.io/nl/wgs84/politieregio_2000.geojson,https://cartomap.github.io/nl/rd/politieregio_2000.geojson
politieregio,2001,https://cartomap.github.io/nl/wgs84/politieregio_2001.geojson,https://cartomap.github.io/nl/rd/politieregio_2001.geojson
politieregio,2002,https://cartomap.github.io/nl/wgs84/politieregio_2002.geojson,https://cartomap.github.io/nl/rd/politieregio_2002.geojson
politieregio,2003,https://cartomap.github.io/nl/wgs84/politieregio_2003.geojson,https://cartomap.github.io/nl/rd/politieregio_2003.geojson
politieregio,2004,https://cartomap.github.io/nl/wgs84/politieregio_2004.geojson,https://cartomap.github.io/nl/rd/politieregio_2004.geojson
politieregio,2005,https://cartomap.github.io/nl/wgs84/politieregio_2005.geojson,https://cartomap.github.io/nl/rd/politieregio_2005.geojson
politieregio,2006,https://cartomap.github.io/nl/wgs84/politieregio_2006.geojson,https://cartomap.github.io/nl/rd/politieregio_2006.geojson
politieregio,2007,https://cartomap.github.io/nl/wgs84/politieregio_2007.geojson,https://cartomap.github.io/nl/rd/politieregio_2007.geojson
politieregio,2008,https://cartomap.github.io/nl/wgs84/politieregio_2008.geojson,https://cartomap.github.io/nl/rd/politieregio_2008.geojson
politieregio,2009,https://cartomap.github.io/nl/wgs84/politieregio_2009.geojson,https://cartomap.github.io/nl/rd/politieregio_2009.geojson
politieregio,2010,https://cartomap.github.io/nl/wgs84/politieregio_2010.geojson,https://cartomap.github.io/nl/rd/politieregio_2010.geojson
politieregio,2011,https://cartomap.github.io/nl/wgs84/politieregio_2011.geojson,https://cartomap.github.io/nl/rd/politieregio_2011.geojson
politieregio,2012,https://cartomap.github.io/nl/wgs84/politieregio_2012.geojson,https://cartomap.github.io/nl/rd/politieregio_2012.geojson
politieregio,2013,https://cartomap.github.io/nl/wgs84/politieregio_2013.geojson,https://cartomap.github.io/nl/rd/politieregio_2013.geojson
provincie,1995,https://cartomap.github.io/nl/wgs84/provincie_1995.geojson,https://cartomap.github.io/nl/rd/provincie_1995.geojson
provincie,1996,https://cartomap.github.io/nl/wgs84/provincie_1996.geojson,https://cartomap.github.io/nl/rd/provincie_1996.geojson
provincie,1997,https://cartomap.github.io/nl/wgs84/provincie_1997.geojson,https://cartomap.github.io/nl/rd/provincie_1997.geojson
provincie,1998,https://cartomap.github.io/nl/wgs84/provincie_1998.geojson,https://cartomap.github.io/nl/rd/provincie_1998.geojson
provincie,1999,https://cartomap.github.io/nl/wgs84/provincie_1999.geojson,https://cartomap.github.io/nl/rd/provincie_1999.geojson
provincie,2000,https://cartomap.github.io/nl/wgs84/provincie_2000.geojson,https://cartomap.github.io/nl/rd/provincie_2000.geojson
provincie,2001,https://cartomap.github.io/nl/wgs84/provincie_2001.geojson,https://cartomap.github.io/nl/rd/provincie_2001.geojson
provincie,2002,https://cartomap.github.io/nl/wgs84/provincie_2002.geojson,https://cartomap.github.io/nl/rd/provincie_2002.geojson
provincie,2003,https://cartomap.github.io/nl/wgs84/provincie_2003.geojson,https://cartomap.github.io/nl/rd/provincie_2003.geojson
provincie,2004,https://cartomap.github.io/nl/wgs84/provincie_2004.geojson,https://cartomap.github.io/nl/rd/provincie_2004.geojson
provincie,2005,https://cartomap.github.io/nl/wgs84/provincie_2005.geojson,https://cartomap.github.io/nl/rd/provincie_2005.geojson
provincie,2006,https://cartomap.github.io/nl/wgs84/provincie_2006.geojson,https://cartomap.github.io/nl/rd/provincie_2006.geojson
provincie,2007,https://cartomap.github.io/nl/wgs84/provincie_2007.geojson,https://cartomap.github.io/nl/rd/provincie_2007.geojson
provincie,2008,https://cartomap.github.io/nl/wgs84/provincie_2008.geojson,https://cartomap.github.io/nl/rd/provincie_2008.geojson
provincie,2009,https://cartomap.github.io/nl/wgs84/provincie_2009.geojson,https://cartomap.github.io/nl/rd/provincie_2009.geojson
provincie,2010,https://cartomap.github.io/nl/wgs84/provincie_2010.geojson,https://cartomap.github.io/nl/rd/provincie_2010.geojson
provincie,2011,https://cartomap.github.io/nl/wgs84/provincie_2011.geojson,https://cartomap.github.io/nl/rd/provincie_2011.geojson
provincie,2012,https://cartomap.github.io/nl/wgs84/provincie_2012.geojson,https://cartomap.github.io/nl/rd/provincie_2012.geojson
provincie,2013,https://cartomap.github.io/nl/wgs84/provincie_2013.geojson,https://cartomap.github.io/nl/rd/provincie_2013.geojson
provincie,2014,https://cartomap.github.io/nl/wgs84/provincie_2014.geojson,https://cartomap.github.io/nl/rd/provincie_2014.geojson
provincie,2015,https://cartomap.github.io/nl/wgs84/provincie_2015.geojson,https://cartomap.github.io/nl/rd/provincie_2015.geojson
provincie,2016,https://cartomap.github.io/nl/wgs84/provincie_2016.geojson,https://cartomap.github.io/nl/rd/provincie_2016.geojson
provincie,2017,https://cartomap.github.io/nl/wgs84/provincie_2017.geojson,https://cartomap.github.io/nl/rd/provincie_2017.geojson
provincie,2018,https://cartomap.github.io/nl/wgs84/provincie_2018.geojson,https://cartomap.github.io/nl/rd/provincie_2018.geojson
provincie,2019,https://cartomap.github.io/nl/wgs84/provincie_2019.geojson,https://cartomap.github.io/nl/rd/provincie_2019.geojson
provincie,2020,https://cartomap.github.io/nl/wgs84/provincie_2020.geojson,https://cartomap.github.io/nl/rd/provincie_2020.geojson
provincie,2021,https://cartomap.github.io/nl/wgs84/provincie_2021.geojson,https://cartomap.github.io/nl/rd/provincie_2021.geojson
provincie,2022,https://cartomap.github.io/nl/wgs84/provincie_2022.geojson,https://cartomap.github.io/nl/rd/provincie_2022.geojson
provincie,2023,https://cartomap.github.io/nl/wgs84/provincie_2023.geojson,https://cartomap.github.io/nl/rd/provincie_2023.geojson
regionaalmeld_coordinatiepunt,2017,https://cartomap.github.io/nl/wgs84/regionaalmeld_coordinatiepunt_2017.geojson,https://cartomap.github.io/nl/rd/regionaalmeld_coordinatiepunt_2017.geojson
regionaalmeld_coordinatiepunt,2018,https://cartomap.github.io/nl/wgs84/regionaalmeld_coordinatiepunt_2018.geojson,https://cartomap.github.io/nl/rd/regionaalmeld_coordinatiepunt_2018.geojson
regionaalmeld_coordinatiepunt,2019,https://cartomap.github.io/nl/wgs84/regionaalmeld_coordinatiepunt_2019.geojson,https://cartomap.github.io/nl/rd/regionaalmeld_coordinatiepunt_2019.geojson
regionaalmeld_coordinatiepunt,2020,https://cartomap.github.io/nl/wgs84/regionaalmeld_coordinatiepunt_2020.geojson,https://cartomap.github.io/nl/rd/regionaalmeld_coordinatiepunt_2020.geojson
regionaalmeld_coordinatiepunt,2021,https://cartomap.github.io/nl/wgs84/regionaalmeld_coordinatiepunt_2021.geojson,https://cartomap.github.io/nl/rd/regionaalmeld_coordinatiepunt_2021.geojson
regionaalmeld_coordinatiepunt,2022,https://cartomap.github.io/nl/wgs84/regionaalmeld_coordinatiepunt_2022.geojson,https://cartomap.github.io/nl/rd/regionaalmeld_coordinatiepunt_2022.geojson
regionaalmeld_coordinatiepunt,2023,https://cartomap.github.io/nl/wgs84/regionaalmeld_coordinatiepunt_2023.geojson,https://cartomap.github.io/nl/rd/regionaalmeld_coordinatiepunt_2023.geojson
regionale_eenheid,2014,https://cartomap.github.io/nl/wgs84/regionale_eenheid_2014.geojson,https://cartomap.github.io/nl/rd/regionale_eenheid_2014.geojson
regionale_eenheid,2015,https://cartomap.github.io/nl/wgs84/regionale_eenheid_2015.geojson,https://cartomap.github.io/nl/rd/regionale_eenheid_2015.geojson
regionale_eenheid,2016,https://cartomap.github.io/nl/wgs84/regionale_eenheid_2016.geojson,https://cartomap.github.io/nl/rd/regionale_eenheid_2016.geojson
regionale_eenheid,2017,https://cartomap.github.io/nl/wgs84/regionale_eenheid_2017.geojson,https://cartomap.github.io/nl/rd/regionale_eenheid_2017.geojson
regionale_eenheid,2018,https://cartomap.github.io/nl/wgs84/regionale_eenheid_2018.geojson,https://cartomap.github.io/nl/rd/regionale_eenheid_2018.geojson
regionale_eenheid,2019,https://cartomap.github.io/nl/wgs84/regionale_eenheid_2019.geojson,https://cartomap.github.io/nl/rd/regionale_eenheid_2019.geojson
regionale_eenheid,2020,https://cartomap.github.io/nl/wgs84/regionale_eenheid_2020.geojson,https://cartomap.github.io/nl/rd/regionale_eenheid_2020.geojson
regionale_eenheid,2021,https://cartomap.github.io/nl/wgs84/regionale_eenheid_2021.geojson,https://cartomap.github.io/nl/rd/regionale_eenheid_2021.geojson
regionale_eenheid,2022,https://cartomap.github.io/nl/wgs84/regionale_eenheid_2022.geojson,https://cartomap.github.io/nl/rd/regionale_eenheid_2022.geojson
regionale_eenheid,2023,https://cartomap.github.io/nl/wgs84/regionale_eenheid_2023.geojson,https://cartomap.github.io/nl/rd/regionale_eenheid_2023.geojson
regionale_energiestrategie,2018,https://cartomap.github.io/nl/wgs84/regionale_energiestrategie_2018.geojson,https://cartomap.github.io/nl/rd/regionale_energiestrategie_2018.geojson
regionale_energiestrategie,2019,https://cartomap.github.io/nl/wgs84/regionale_energiestrategie_2019.geojson,https://cartomap.github.io/nl/rd/regionale_energiestrategie_2019.geojson
regionale_energiestrategie,2020,https://cartomap.github.io/nl/wgs84/regionale_energiestrategie_2020.geojson,https://cartomap.github.io/nl/rd/regionale_energiestrategie_2020.geojson
regionale_energiestrategie,2021,https://cartomap.github.io/nl/wgs84/regionale_energiestrategie_2021.geojson,https://cartomap.github.io/nl/rd/regionale_energiestrategie_2021.geojson
regionale_energiestrategie,2022,https://cartomap.github.io/nl/wgs84/regionale_energiestrategie_2022.geojson,https://cartomap.github.io/nl/rd/regionale_energiestrategie_2022.geojson
regionale_energiestrategie,2023,https://cartomap.github.io/nl/wgs84/regionale_energiestrategie_2023.geojson,https://cartomap.github.io/nl/rd/regionale_energiestrategie_2023.geojson
regioplus_arbeidsmarktregio,2015,https://cartomap.github.io/nl/wgs84/regioplus_arbeidsmarktregio_2015.geojson,https://cartomap.github.io/nl/rd/regioplus_arbeidsmarktregio_2015.geojson
regioplus_arbeidsmarktregio,2016,https://cartomap.github.io/nl/wgs84/regioplus_arbeidsmarktregio_2016.geojson,https://cartomap.github.io/nl/rd/regioplus_arbeidsmarktregio_2016.geojson
regioplus_arbeidsmarktregio,2017,https://cartomap.github.io/nl/wgs84/regioplus_arbeidsmarktregio_2017.geojson,https://cartomap.github.io/nl/rd/regioplus_arbeidsmarktregio_2017.geojson
regioplus_arbeidsmarktregio,2018,https://cartomap.github.io/nl/wgs84/regioplus_arbeidsmarktregio_2018.geojson,https://cartomap.github.io/nl/rd/regioplus_arbeidsmarktregio_2018.geojson
regioplus_arbeidsmarktregio,2019,https://cartomap.github.io/nl/wgs84/regioplus_arbeidsmarktregio_2019.geojson,https://cartomap.github.io/nl/rd/regioplus_arbeidsmarktregio_2019.geojson
regioplus_arbeidsmarktregio,2020,https://cartomap.github.io/nl/wgs84/regioplus_arbeidsmarktregio_2020.geojson,https://cartomap.github.io/nl/rd/regioplus_arbeidsmarktregio_2020.geojson
regioplus_arbeidsmarktregio,2021,https://cartomap.github.io/nl/wgs84/regioplus_arbeidsmarktregio_2021.geojson,https://cartomap.github.io/nl/rd/regioplus_arbeidsmarktregio_2021.geojson
regioplus_arbeidsmarktregio,2022,https://cartomap.github.io/nl/wgs84/regioplus_arbeidsmarktregio_2022.geojson,https://cartomap.github.io/nl/rd/regioplus_arbeidsmarktregio_2022.geojson
regioplus_arbeidsmarktregio,2023,https://cartomap.github.io/nl/wgs84/regioplus_arbeidsmarktregio_2023.geojson,https://cartomap.github.io/nl/rd/regioplus_arbeidsmarktregio_2023.geojson
ressort,2015,https://cartomap.github.io/nl/wgs84/ressort_2015.geojson,https://cartomap.github.io/nl/rd/ressort_2015.geojson
ressort,2016,https://cartomap.github.io/nl/wgs84/ressort_2016.geojson,https://cartomap.github.io/nl/rd/ressort_2016.geojson
ressort,2017,https://cartomap.github.io/nl/wgs84/ressort_2017.geojson,https://cartomap.github.io/nl/rd/ressort_2017.geojson
ressort,2018,https://cartomap.github.io/nl/wgs84/ressort_2018.geojson,https://cartomap.github.io/nl/rd/ressort_2018.geojson
ressort,2019,https://cartomap.github.io/nl/wgs84/ressort_2019.geojson,https://cartomap.github.io/nl/rd/ressort_2019.geojson
ressort,2020,https://cartomap.github.io/nl/wgs84/ressort_2020.geojson,https://cartomap.github.io/nl/rd/ressort_2020.geojson
ressort,2021,https://cartomap.github.io/nl/wgs84/ressort_2021.geojson,https://cartomap.github.io/nl/rd/ressort_2021.geojson
ressort,2022,https://cartomap.github.io/nl/wgs84/ressort_2022.geojson,https://cartomap.github.io/nl/rd/ressort_2022.geojson
ressort,2023,https://cartomap.github.io/nl/wgs84/ressort_2023.geojson,https://cartomap.github.io/nl/rd/ressort_2023.geojson
rpagebied,2002,https://cartomap.github.io/nl/wgs84/rpagebied_2002.geojson,https://cartomap.github.io/nl/rd/rpagebied_2002.geojson
rpagebied,2003,https://cartomap.github.io/nl/wgs84/rpagebied_2003.geojson,https://cartomap.github.io/nl/rd/rpagebied_2003.geojson
rpagebied,2004,https://cartomap.github.io/nl/wgs84/rpagebied_2004.geojson,https://cartomap.github.io/nl/rd/rpagebied_2004.geojson
rpagebied,2005,https://cartomap.github.io/nl/wgs84/rpagebied_2005.geojson,https://cartomap.github.io/nl/rd/rpagebied_2005.geojson
rpagebied,2006,https://cartomap.github.io/nl/wgs84/rpagebied_2006.geojson,https://cartomap.github.io/nl/rd/rpagebied_2006.geojson
rpagebied,2007,https://cartomap.github.io/nl/wgs84/rpagebied_2007.geojson,https://cartomap.github.io/nl/rd/rpagebied_2007.geojson
rpagebied,2008,https://cartomap.github.io/nl/wgs84/rpagebied_2008.geojson,https://cartomap.github.io/nl/rd/rpagebied_2008.geojson
rpagebied,2009,https://cartomap.github.io/nl/wgs84/rpagebied_2009.geojson,https://cartomap.github.io/nl/rd/rpagebied_2009.geojson
rpagebied,2010,https://cartomap.github.io/nl/wgs84/rpagebied_2010.geojson,https://cartomap.github.io/nl/rd/rpagebied_2010.geojson
rpagebied,2011,https://cartomap.github.io/nl/wgs84/rpagebied_2011.geojson,https://cartomap.github.io/nl/rd/rpagebied_2011.geojson
rpagebied,2012,https://cartomap.github.io/nl/wgs84/rpagebied_2012.geojson,https://cartomap.github.io/nl/rd/rpagebied_2012.geojson
rpagebied,2013,https://cartomap.github.io/nl/wgs84/rpagebied_2013.geojson,https://cartomap.github.io/nl/rd/rpagebied_2013.geojson
rpagebied,2014,https://cartomap.github.io/nl/wgs84/rpagebied_2014.geojson,https://cartomap.github.io/nl/rd/rpagebied_2014.geojson
rpagebied,2015,https://cartomap.github.io/nl/wgs84/rpagebied_2015.geojson,https://cartomap.github.io/nl/rd/rpagebied_2015.geojson
rpagebied,2016,https://cartomap.github.io/nl/wgs84/rpagebied_2016.geojson,https://cartomap.github.io/nl/rd/rpagebied_2016.geojson
stadsgewest,2000,https://cartomap.github.io/nl/wgs84/stadsgewest_2000.geojson,https://cartomap.github.io/nl/rd/stadsgewest_2000.geojson
stadsgewest,2001,https://cartomap.github.io/nl/wgs84/stadsgewest_2001.geojson,https://cartomap.github.io/nl/rd/stadsgewest_2001.geojson
stadsgewest,2002,https://cartomap.github.io/nl/wgs84/stadsgewest_2002.geojson,https://cartomap.github.io/nl/rd/stadsgewest_2002.geojson
stadsgewest,2003,https://cartomap.github.io/nl/wgs84/stadsgewest_2003.geojson,https://cartomap.github.io/nl/rd/stadsgewest_2003.geojson
stadsgewest,2004,https://cartomap.github.io/nl/wgs84/stadsgewest_2004.geojson,https://cartomap.github.io/nl/rd/stadsgewest_2004.geojson
stadsgewest,2005,https://cartomap.github.io/nl/wgs84/stadsgewest_2005.geojson,https://cartomap.github.io/nl/rd/stadsgewest_2005.geojson
stadsgewest,2006,https://cartomap.github.io/nl/wgs84/stadsgewest_2006.geojson,https://cartomap.github.io/nl/rd/stadsgewest_2006.geojson
stadsgewest,2007,https://cartomap.github.io/nl/wgs84/stadsgewest_2007.geojson,https://cartomap.github.io/nl/rd/stadsgewest_2007.geojson
stadsgewest,2008,https://cartomap.github.io/nl/wgs84/stadsgewest_2008.geojson,https://cartomap.github.io/nl/rd/stadsgewest_2008.geojson
stadsgewest,2009,https://cartomap.github.io/nl/wgs84/stadsgewest_2009.geojson,https://cartomap.github.io/nl/rd/stadsgewest_2009.geojson
stadsgewest,2010,https://cartomap.github.io/nl/wgs84/stadsgewest_2010.geojson,https://cartomap.github.io/nl/rd/stadsgewest_2010.geojson
stadsgewest,2011,https://cartomap.github.io/nl/wgs84/stadsgewest_2011.geojson,https://cartomap.github.io/nl/rd/stadsgewest_2011.geojson
stadsgewest,2012,https://cartomap.github.io/nl/wgs84/stadsgewest_2012.geojson,https://cartomap.github.io/nl/rd/stadsgewest_2012.geojson
stadsgewest,2013,https://cartomap.github.io/nl/wgs84/stadsgewest_2013.geojson,https://cartomap.github.io/nl/rd/stadsgewest_2013.geojson
stadsgewest,2014,https://cartomap.github.io/nl/wgs84/stadsgewest_2014.geojson,https://cartomap.github.io/nl/rd/stadsgewest_2014.geojson
stadsgewest,2015,https://cartomap.github.io/nl/wgs84/stadsgewest_2015.geojson,https://cartomap.github.io/nl/rd/stadsgewest_2015.geojson
subres_regio,2021,https://cartomap.github.io/nl/wgs84/subres_regio_2021.geojson,https://cartomap.github.io/nl/rd/subres_regio_2021.geojson
subres_regio,2022,https://cartomap.github.io/nl/wgs84/subres_regio_2022.geojson,https://cartomap.github.io/nl/rd/subres_regio_2022.geojson
subres_regio,2023,https://cartomap.github.io/nl/wgs84/subres_regio_2023.geojson,https://cartomap.github.io/nl/rd/subres_regio_2023.geojson
toeristengebied,1995,https://cartomap.github.io/nl/wgs84/toeristengebied_1995.geojson,https://cartomap.github.io/nl/rd/toeristengebied_1995.geojson
toeristengebied,1996,https://cartomap.github.io/nl/wgs84/toeristengebied_1996.geojson,https://cartomap.github.io/nl/rd/toeristengebied_1996.geojson
toeristengebied,1997,https://cartomap.github.io/nl/wgs84/toeristengebied_1997.geojson,https://cartomap.github.io/nl/rd/toeristengebied_1997.geojson
toeristengebied,1998,https://cartomap.github.io/nl/wgs84/toeristengebied_1998.geojson,https://cartomap.github.io/nl/rd/toeristengebied_1998.geojson
toeristengebied,1999,https://cartomap.github.io/nl/wgs84/toeristengebied_1999.geojson,https://cartomap.github.io/nl/rd/toeristengebied_1999.geojson
toeristengebied,2000,https://cartomap.github.io/nl/wgs84/toeristengebied_2000.geojson,https://cartomap.github.io/nl/rd/toeristengebied_2000.geojson
toeristengebied,2001,https://cartomap.github.io/nl/wgs84/toeristengebied_2001.geojson,https://cartomap.github.io/nl/rd/toeristengebied_2001.geojson
toeristengebied,2002,https://cartomap.github.io/nl/wgs84/toeristengebied_2002.geojson,https://cartomap.github.io/nl/rd/toeristengebied_2002.geojson
toeristengebied,2003,https://cartomap.github.io/nl/wgs84/toeristengebied_2003.geojson,https://cartomap.github.io/nl/rd/toeristengebied_2003.geojson
toeristengebied,2004,https://cartomap.github.io/nl/wgs84/toeristengebied_2004.geojson,https://cartomap.github.io/nl/rd/toeristengebied_2004.geojson
toeristengebied,2005,https://cartomap.github.io/nl/wgs84/toeristengebied_2005.geojson,https://cartomap.github.io/nl/rd/toeristengebied_2005.geojson
toeristengebied,2006,https://cartomap.github.io/nl/wgs84/toeristengebied_2006.geojson,https://cartomap.github.io/nl/rd/toeristengebied_2006.geojson
toeristengebied,2007,https://cartomap.github.io/nl/wgs84/toeristengebied_2007.geojson,https://cartomap.github.io/nl/rd/toeristengebied_2007.geojson
toeristengebied,2008,https://cartomap.github.io/nl/wgs84/toeristengebied_2008.geojson,https://cartomap.github.io/nl/rd/toeristengebied_2008.geojson
toeristengebied,2009,https://cartomap.github.io/nl/wgs84/toeristengebied_2009.geojson,https://cartomap.github.io/nl/rd/toeristengebied_2009.geojson
toeristengebied,2010,https://cartomap.github.io/nl/wgs84/toeristengebied_2010.geojson,https://cartomap.github.io/nl/rd/toeristengebied_2010.geojson
toeristengebied,2011,https://cartomap.github.io/nl/wgs84/toeristengebied_2011.geojson,https://cartomap.github.io/nl/rd/toeristengebied_2011.geojson
toeristengebied,2012,https://cartomap.github.io/nl/wgs84/toeristengebied_2012.geojson,https://cartomap.github.io/nl/rd/toeristengebied_2012.geojson
toeristengebied,2013,https://cartomap.github.io/nl/wgs84/toeristengebied_2013.geojson,https://cartomap.github.io/nl/rd/toeristengebied_2013.geojson
toeristengebied,2014,https://cartomap.github.io/nl/wgs84/toeristengebied_2014.geojson,https://cartomap.github.io/nl/rd/toeristengebied_2014.geojson
toeristengebied,2015,https://cartomap.github.io/nl/wgs84/toeristengebied_2015.geojson,https://cartomap.github.io/nl/rd/toeristengebied_2015.geojson
toeristengebied,2016,https://cartomap.github.io/nl/wgs84/toeristengebied_2016.geojson,https://cartomap.github.io/nl/rd/toeristengebied_2016.geojson
toeristengebied,2017,https://cartomap.github.io/nl/wgs84/toeristengebied_2017.geojson,https://cartomap.github.io/nl/rd/toeristengebied_2017.geojson
toeristengebied,2018,https://cartomap.github.io/nl/wgs84/toeristengebied_2018.geojson,https://cartomap.github.io/nl/rd/toeristengebied_2018.geojson
toeristengebied,2019,https://cartomap.github.io/nl/wgs84/toeristengebied_2019.geojson,https://cartomap.github.io/nl/rd/toeristengebied_2019.geojson
toeristengebied,2020,https://cartomap.github.io/nl/wgs84/toeristengebied_2020.geojson,https://cartomap.github.io/nl/rd/toeristengebied_2020.geojson
toeristengebied,2021,https://cartomap.github.io/nl/wgs84/toeristengebied_2021.geojson,https://cartomap.github.io/nl/rd/toeristengebied_2021.geojson
toeristengebied,2022,https://cartomap.github.io/nl/wgs84/toeristengebied_2022.geojson,https://cartomap.github.io/nl/rd/toeristengebied_2022.geojson
toeristengebied,2023,https://cartomap.github.io/nl/wgs84/toeristengebied_2023.geojson,https://cartomap.github.io/nl/rd/toeristengebied_2023.geojson
toeristengroep,2006,https://cartomap.github.io/nl/wgs84/toeristengroep_2006.geojson,https://cartomap.github.io/nl/rd/toeristengroep_2006.geojson
toeristengroep,2009,https://cartomap.github.io/nl/wgs84/toeristengroep_2009.geojson,https://cartomap.github.io/nl/rd/toeristengroep_2009.geojson
toeristengroep,2010,https://cartomap.github.io/nl/wgs84/toeristengroep_2010.geojson,https://cartomap.github.io/nl/rd/toeristengroep_2010.geojson
toeristengroep,2011,https://cartomap.github.io/nl/wgs84/toeristengroep_2011.geojson,https://cartomap.github.io/nl/rd/toeristengroep_2011.geojson
toeristengroep,2014,https://cartomap.github.io/nl/wgs84/toeristengroep_2014.geojson,https://cartomap.github.io/nl/rd/toeristengroep_2014.geojson
toeristengroep,2015,https://cartomap.github.io/nl/wgs84/toeristengroep_2015.geojson,https://cartomap.github.io/nl/rd/toeristengroep_2015.geojson
toeristengroep,2016,https://cartomap.github.io/nl/wgs84/toeristengroep_2016.geojson,https://cartomap.github.io/nl/rd/toeristengroep_2016.geojson
toeristengroep,2017,https://cartomap.github.io/nl/wgs84/toeristengroep_2017.geojson,https://cartomap.github.io/nl/rd/toeristengroep_2017.geojson
toeristengroep,2018,https://cartomap.github.io/nl/wgs84/toeristengroep_2018.geojson,https://cartomap.github.io/nl/rd/toeristengroep_2018.geojson
toeristengroep,2019,https://cartomap.github.io/nl/wgs84/toeristengroep_2019.geojson,https://cartomap.github.io/nl/rd/toeristengroep_2019.geojson
toeristengroep,2020,https://cartomap.github.io/nl/wgs84/toeristengroep_2020.geojson,https://cartomap.github.io/nl/rd/toeristengroep_2020.geojson
toeristengroep,2021,https://cartomap.github.io/nl/wgs84/toeristengroep_2021.geojson,https://cartomap.github.io/nl/rd/toeristengroep_2021.geojson
toeristengroep,2022,https://cartomap.github.io/nl/wgs84/toeristengroep_2022.geojson,https://cartomap.github.io/nl/rd/toeristengroep_2022.geojson
toeristengroep,2023,https://cartomap.github.io/nl/wgs84/toeristengroep_2023.geojson,https://cartomap.github.io/nl/rd/toeristengroep_2023.geojson
veiligheidsregio,2011,https://cartomap.github.io/nl/wgs84/veiligheidsregio_2011.geojson,https://cartomap.github.io/nl/rd/veiligheidsregio_2011.geojson
veiligheidsregio,2012,https://cartomap.github.io/nl/wgs84/veiligheidsregio_2012.geojson,https://cartomap.github.io/nl/rd/veiligheidsregio_2012.geojson
veiligheidsregio,2013,https://cartomap.github.io/nl/wgs84/veiligheidsregio_2013.geojson,https://cartomap.github.io/nl/rd/veiligheidsregio_2013.geojson
veiligheidsregio,2014,https://cartomap.github.io/nl/wgs84/veiligheidsregio_2014.geojson,https://cartomap.github.io/nl/rd/veiligheidsregio_2014.geojson
veiligheidsregio,2015,https://cartomap.github.io/nl/wgs84/veiligheidsregio_2015.geojson,https://cartomap.github.io/nl/rd/veiligheidsregio_2015.geojson
veiligheidsregio,2016,https://cartomap.github.io/nl/wgs84/veiligheidsregio_2016.geojson,https://cartomap.github.io/nl/rd/veiligheidsregio_2016.geojson
veiligheidsregio,2017,https://cartomap.github.io/nl/wgs84/veiligheidsregio_2017.geojson,https://cartomap.github.io/nl/rd/veiligheidsregio_2017.geojson
veiligheidsregio,2018,https://cartomap.github.io/nl/wgs84/veiligheidsregio_2018.geojson,https://cartomap.github.io/nl/rd/veiligheidsregio_2018.geojson
veiligheidsregio,2019,https://cartomap.github.io/nl/wgs84/veiligheidsregio_2019.geojson,https://cartomap.github.io/nl/rd/veiligheidsregio_2019.geojson
veiligheidsregio,2020,https://cartomap.github.io/nl/wgs84/veiligheidsregio_2020.geojson,https://cartomap.github.io/nl/rd/veiligheidsregio_2020.geojson
veiligheidsregio,2021,https://cartomap.github.io/nl/wgs84/veiligheidsregio_2021.geojson,https://cartomap.github.io/nl/rd/veiligheidsregio_2021.geojson
veiligheidsregio,2022,https://cartomap.github.io/nl/wgs84/veiligheidsregio_2022.geojson,https://cartomap.github.io/nl/rd/veiligheidsregio_2022.geojson
veiligheidsregio,2023,https://cartomap.github.io/nl/wgs84/veiligheidsregio_2023.geojson,https://cartomap.github.io/nl/rd/veiligheidsregio_2023.geojson
veiligthuisregio,2020,https://cartomap.github.io/nl/wgs84/veiligthuisregio_2020.geojson,https://cartomap.github.io/nl/rd/veiligthuisregio_2020.geojson
veiligthuisregio,2021,https://cartomap.github.io/nl/wgs84/veiligthuisregio_2021.geojson,https://cartomap.github.io/nl/rd/veiligthuisregio_2021.geojson
veiligthuisregio,2022,https://cartomap.github.io/nl/wgs84/veiligthuisregio_2022.geojson,https://cartomap.github.io/nl/rd/veiligthuisregio_2022.geojson
veiligthuisregio,2023,https://cartomap.github.io/nl/wgs84/veiligthuisregio_2023.geojson,https://cartomap.github.io/nl/rd/veiligthuisregio_2023.geojson
wijk,1995,https://cartomap.github.io/nl/wgs84/wijk_1995.geojson,https://cartomap.github.io/nl/rd/wijk_1995.geojson
wijk,1996,https://cartomap.github.io/nl/wgs84/wijk_1996.geojson,https://cartomap.github.io/nl/rd/wijk_1996.geojson
wijk,1997,https://cartomap.github.io/nl/wgs84/wijk_1997.geojson,https://cartomap.github.io/nl/rd/wijk_1997.geojson
wijk,1998,https://cartomap.github.io/nl/wgs84/wijk_1998.geojson,https://cartomap.github.io/nl/rd/wijk_1998.geojson
wijk,1999,https://cartomap.github.io/nl/wgs84/wijk_1999.geojson,https://cartomap.github.io/nl/rd/wijk_1999.geojson
wijk,2000,https://cartomap.github.io/nl/wgs84/wijk_2000.geojson,https://cartomap.github.io/nl/rd/wijk_2000.geojson
wijk,2001,https://cartomap.github.io/nl/wgs84/wijk_2001.geojson,https://cartomap.github.io/nl/rd/wijk_2001.geojson
wijk,2002,https://cartomap.github.io/nl/wgs84/wijk_2002.geojson,https://cartomap.github.io/nl/rd/wijk_2002.geojson
wijk,2003,https://cartomap.github.io/nl/wgs84/wijk_2003.geojson,https://cartomap.github.io/nl/rd/wijk_2003.geojson
wijk,2004,https://cartomap.github.io/nl/wgs84/wijk_2004.geojson,https://cartomap.github.io/nl/rd/wijk_2004.geojson
wijk,2005,https://cartomap.github.io/nl/wgs84/wijk_2005.geojson,https://cartomap.github.io/nl/rd/wijk_2005.geojson
wijk,2006,https://cartomap.github.io/nl/wgs84/wijk_2006.geojson,https://cartomap.github.io/nl/rd/wijk_2006.geojson
wijk,2007,https://cartomap.github.io/nl/wgs84/wijk_2007.geojson,https://cartomap.github.io/nl/rd/wijk_2007.geojson
wijk,2008,https://cartomap.github.io/nl/wgs84/wijk_2008.geojson,https://cartomap.github.io/nl/rd/wijk_2008.geojson
wijk,2009,https://cartomap.github.io/nl/wgs84/wijk_2009.geojson,https://cartomap.github.io/nl/rd/wijk_2009.geojson
wijk,2010,https://cartomap.github.io/nl/wgs84/wijk_2010.geojson,https://cartomap.github.io/nl/rd/wijk_2010.geojson
wijk,2011,https://cartomap.github.io/nl/wgs84/wijk_2011.geojson,https://cartomap.github.io/nl/rd/wijk_2011.geojson
wijk,2012,https://cartomap.github.io/nl/wgs84/wijk_2012.geojson,https://cartomap.github.io/nl/rd/wijk_2012.geojson
wijk,2013,https://cartomap.github.io/nl/wgs84/wijk_2013.geojson,https://cartomap.github.io/nl/rd/wijk_2013.geojson
wijk,2014,https://cartomap.github.io/nl/wgs84/wijk_2014.geojson,https://cartomap.github.io/nl/rd/wijk_2014.geojson
wijk,2015,https://cartomap.github.io/nl/wgs84/wijk_2015.geojson,https://cartomap.github.io/nl/rd/wijk_2015.geojson
wijk,2016,https://cartomap.github.io/nl/wgs84/wijk_2016.geojson,https://cartomap.github.io/nl/rd/wijk_2016.geojson
wijk,2017,https://cartomap.github.io/nl/wgs84/wijk_2017.geojson,https://cartomap.github.io/nl/rd/wijk_2017.geojson
wijk,2018,https://cartomap.github.io/nl/wgs84/wijk_2018.geojson,https://cartomap.github.io/nl/rd/wijk_2018.geojson
wijk,2019,https://cartomap.github.io/nl/wgs84/wijk_2019.geojson,https://cartomap.github.io/nl/rd/wijk_2019.geojson
wijk,2020,https://cartomap.github.io/nl/wgs84/wijk_2020.geojson,https://cartomap.github.io/nl/rd/wijk_2020.geojson
wijk,2021,https://cartomap.github.io/nl/wgs84/wijk_2021.geojson,https://cartomap.github.io/nl/rd/wijk_2021.geojson
wijk,2022,https://cartomap.github.io/nl/wgs84/wijk_2022.geojson,https://cartomap.github.io/nl/rd/wijk_2022.geojson
wijk,2023,https://cartomap.github.io/nl/wgs84/wijk_2023.geojson,https://cartomap.github.io/nl/rd/wijk_2023.geojson
zorgkantoorregio,2009,https://cartomap.github.io/nl/wgs84/zorgkantoorregio_2009.geojson,https://cartomap.github.io/nl/rd/zorgkantoorregio_2009.geojson
zorgkantoorregio,2010,https://cartomap.github.io/nl/wgs84/zorgkantoorregio_2010.geojson,https://cartomap.github.io/nl/rd/zorgkantoorregio_2010.geojson
zorgkantoorregio,2011,https://cartomap.github.io/nl/wgs84/zorgkantoorregio_2011.geojson,https://cartomap.github.io/nl/rd/zorgkantoorregio_2011.geojson
zorgkantoorregio,2012,https://cartomap.github.io/nl/wgs84/zorgkantoorregio_2012.geojson,https://cartomap.github.io/nl/rd/zorgkantoorregio_2012.geojson
zorgkantoorregio,2013,https://cartomap.github.io/nl/wgs84/zorgkantoorregio_2013.geojson,https://cartomap.github.io/nl/rd/zorgkantoorregio_2013.geojson
zorgkantoorregio,2014,https://cartomap.github.io/nl/wgs84/zorgkantoorregio_2014.geojson,https://cartomap.github.io/nl/rd/zorgkantoorregio_2014.geojson
zorgkantoorregio,2015,https://cartomap.github.io/nl/wgs84/zorgkantoorregio_2015.geojson,https://cartomap.github.io/nl/rd/zorgkantoorregio_2015.geojson
zorgkantoorregio,2016,https://cartomap.github.io/nl/wgs84/zorgkantoorregio_2016.geojson,https://cartomap.github.io/nl/rd/zorgkantoorregio_2016.geojson
zorgkantoorregio,2017,https://cartomap.github.io/nl/wgs84/zorgkantoorregio_2017.geojson,https://cartomap.github.io/nl/rd/zorgkantoorregio_2017.geojson
zorgkantoorregio,2018,https://cartomap.github.io/nl/wgs84/zorgkantoorregio_2018.geojson,https://cartomap.github.io/nl/rd/zorgkantoorregio_2018.geojson
zorgkantoorregio,2019,https://cartomap.github.io/nl/wgs84/zorgkantoorregio_2019.geojson,https://cartomap.github.io/nl/rd/zorgkantoorregio_2019.geojson
zorgkantoorregio,2020,https://cartomap.github.io/nl/wgs84/zorgkantoorregio_2020.geojson,https://cartomap.github.io/nl/rd/zorgkantoorregio_2020.geojson
zorgkantoorregio,2021,https://cartomap.github.io/nl/wgs84/zorgkantoorregio_2021.geojson,https://cartomap.github.io/nl/rd/zorgkantoorregio_2021.geojson
zorgkantoorregio,2022,https://cartomap.github.io/nl/wgs84/zorgkantoorregio_2022.geojson,https://cartomap.github.io/nl/rd/zorgkantoorregio_2022.geojson
zorgkantoorregio,2023,https://cartomap.github.io/nl/wgs84/zorgkantoorregio_2023.geojson,https://cartomap.github.io/nl/rd/zorgkantoorregio_2023.geojson
